GaitPhase,pMMGMean_1,pMMGMean_2,pMMGMean_3,pMMGMean_4,pMMGMean_5,NewColumn,,
0,-1.360289953,-1.244038572,1.653954358,1.389543653,-0.754112726,-15.85709989,,
0.1001001,-1.349693381,-1.252298867,1.653525427,1.389475918,-0.751887165,-15.8526732,,
0.2002002,-1.34199307,-1.254669018,1.651273842,1.389379597,-0.736214825,-15.84824651,,
0.3003003,-1.342839305,-1.255039171,1.650459694,1.377783275,-0.745575517,-15.84381983,,
0.4004004,-1.332297652,-1.264909322,1.6518998,1.367686953,-0.743032305,-15.83939314,,
0.500500501,-1.340976219,-1.275279474,1.659956523,1.348590632,-0.742747351,-15.83496645,,
0.600600601,-1.333041673,-1.285649626,1.65249773,1.34849431,-0.752462398,-15.83053976,,
0.700700701,-1.345271282,-1.292829206,1.65038501,1.341343691,-0.752235729,-15.82611307,,
0.800800801,-1.32939199,-1.297905979,1.650056149,1.321778038,-0.742062793,-15.82168638,,
0.900900901,-1.332120306,-1.300250687,1.655204767,1.310438341,-0.741889857,-15.8172597,,
1.001001001,-1.353598872,-1.310462762,1.670902395,1.302502047,-0.741716921,-15.81283301,,
1.101101101,-1.342578975,-1.331602766,1.644683183,1.312205393,-0.740140582,-15.80840632,,
1.201201201,-1.346621076,-1.33274277,1.647449418,1.299908739,-0.751371049,-15.80397963,,
1.301301301,-1.35423657,-1.343373182,1.650088745,1.29011458,-0.741028204,-15.81317396,,
1.401401401,-1.338307463,-1.344292971,1.64730501,1.287875231,-0.748616065,-15.87591469,,
1.501501502,-1.35450697,-1.345186319,1.646417335,1.287642762,-0.748149268,-15.93865542,,
1.601601602,-1.352203568,-1.356046581,1.63552966,1.287418903,-0.749682471,-16.00139614,,
1.701701702,-1.361406173,-1.354906843,1.635141985,1.269195043,-0.739215673,-16.06413687,,
1.801801802,-1.364608778,-1.367767106,1.63375431,1.268971184,-0.738748876,-16.1268776,,
1.901901902,-1.363110404,-1.378627368,1.614384047,1.259247325,-0.726554167,-16.18961833,,
2.002002002,-1.369626477,-1.387178152,1.613184447,1.239973887,-0.758398145,-16.25235906,,
2.102102102,-1.382744911,-1.398444957,1.6059157,1.249144237,-0.74830788,-16.31509978,,
2.202202202,-1.382899962,-1.403441614,1.603801253,1.237493884,-0.758247696,-16.35860241,,
2.302302302,-1.393055013,-1.392969931,1.605686805,1.218384079,-0.754187512,-16.35761946,,
2.402402402,-1.372210064,-1.416132882,1.605572358,1.23615916,-0.756127329,-16.35663652,,
2.502502503,-1.384077086,-1.432991027,1.585801449,1.222391197,-0.755984867,-16.35565357,,
2.602602603,-1.405505929,-1.453798041,1.592984908,1.217991023,-0.757818409,-16.35467063,,
2.702702703,-1.403951105,-1.437592006,1.592656312,1.217524194,-0.765645612,-16.35368768,,
2.802802803,-1.416213786,-1.459385971,1.584593357,1.198057364,-0.767349574,-16.35270474,,
2.902902903,-1.414976466,-1.461229466,1.581530402,1.187577646,-0.773099582,-16.35172179,,
3.003003003,-1.435239146,-1.468679936,1.571467447,1.15007009,-0.776757497,-16.35073885,,
3.103103103,-1.416844825,-1.473693468,1.580520379,1.150512985,-0.7645224,-16.33532651,,
3.203203203,-1.419423305,-1.504580875,1.572593387,1.11805498,-0.79429786,-16.29818824,,
3.303303303,-1.427501786,-1.497069007,1.570166395,1.136907512,-0.786073319,-16.26104998,,
3.403403403,-1.440124505,-1.519281496,1.56170675,1.136201663,-0.795831607,-16.22391171,,
3.503503504,-1.440913055,-1.531493986,1.559124699,1.123995813,-0.785525527,-16.18677344,,
3.603603604,-1.439719623,-1.55622821,1.558542649,1.134784307,-0.795219448,-16.14963518,,
3.703703704,-1.442009824,-1.550985691,1.557987089,1.125320708,-0.795223594,-16.11249691,,
3.803803804,-1.46476431,-1.558015446,1.548551625,1.11428804,-0.798700252,-16.07535865,,
3.903903904,-1.470954232,-1.568166338,1.539693739,1.132185683,-0.823414148,-16.03822038,,
4.004004004,-1.471704213,-1.580700961,1.528037555,1.121518176,-0.821085001,-16.00704973,,
4.104104104,-1.480772602,-1.602687535,1.518814278,1.11035067,-0.824864711,-15.98196226,,
4.204204204,-1.50157814,-1.59917411,1.516242545,1.109183164,-0.829803688,-15.95687479,,
4.304304304,-1.49665651,-1.601660684,1.479420635,1.125515658,-0.850271685,-15.93178732,,
4.404404404,-1.503546068,-1.628725641,1.4843762,1.126067533,-0.844571992,-15.90669985,,
4.504504505,-1.502170361,-1.614818571,1.46641785,1.124612128,-0.856519947,-15.88161237,,
4.604604605,-1.513866226,-1.620764802,1.461202744,1.140564787,-0.861250684,-15.8565249,,
4.704704705,-1.538275304,-1.634829348,1.455016667,1.158486657,-0.859390832,-15.83143743,,
4.804804805,-1.540155132,-1.632893894,1.444762083,1.156908528,-0.866047324,-15.80634996,,
4.904904905,-1.545358046,-1.648458441,1.446511625,1.184330399,-0.876453036,-15.80673217,,
5.005005005,-1.561632856,-1.654522986,1.427979754,1.194752269,-0.868426924,-15.82469124,,
5.105105105,-1.568566325,-1.648410731,1.414681617,1.200329815,-0.869906317,-15.84265031,,
5.205205205,-1.589242537,-1.649626201,1.399254851,1.208779546,-0.870787112,-15.86060938,,
5.305305305,-1.60484918,-1.669864148,1.392545803,1.228960721,-0.882654894,-15.87856846,,
5.405405405,-1.623097632,-1.657650143,1.386987792,1.237506761,-0.872437758,-15.89652753,,
5.505505506,-1.622854912,-1.676936139,1.371343814,1.270455205,-0.875565676,-15.9144866,,
5.605605606,-1.62391695,-1.658222134,1.351137118,1.305038783,-0.874521498,-15.93244567,,
5.705705706,-1.639292301,-1.67750813,1.350473465,1.353622361,-0.874033878,-15.95040474,,
5.805805806,-1.658819304,-1.658364738,1.325187689,1.368057453,-0.866272984,-16.10039694,,
5.905905906,-1.668144105,-1.64799961,1.318520031,1.409166241,-0.861887466,-16.30986355,,
6.006006006,-1.687322259,-1.634460842,1.286089111,1.447267719,-0.870372818,-16.51933016,,
6.106106106,-1.700863563,-1.621480633,1.275114087,1.495418745,-0.871533461,-16.72879677,,
6.206206206,-1.720302559,-1.599991414,1.263796881,1.522673375,-0.888099916,-16.93826338,,
6.306306306,-1.734369682,-1.559763457,1.24368588,1.555896475,-0.875373079,-17.14772998,,
6.406406406,-1.746048417,-1.546503968,1.226910215,1.597439393,-0.875314909,-17.35719659,,
6.506506507,-1.756328254,-1.527197588,1.187128043,1.603454175,-0.896253737,-17.5666632,,
6.606606607,-1.768096579,-1.548105804,1.181373899,1.639115615,-0.906988361,-17.77612981,,
6.706706707,-1.790444835,-1.53951402,1.169325831,1.655777055,-0.903911353,-18.01900901,,
6.806806807,-1.793634494,-1.516669984,1.147460286,1.706884441,-0.904097561,-18.27061284,,
6.906906907,-1.824325853,-1.492330453,1.13829929,1.735599936,-0.894871499,-18.52221667,,
7.007007007,-1.826819515,-1.503238669,1.115518175,1.742761376,-0.913002794,-18.7738205,,
7.107107107,-1.84768555,-1.500130617,1.104464286,1.760929524,-0.902535491,-19.02542433,,
7.207207207,-1.861473895,-1.499647009,1.092731539,1.774247435,-0.907476027,-19.27702816,,
7.307307307,-1.859905518,-1.503687671,1.065861615,1.765369504,-0.900911291,-19.52863199,,
7.407407407,-1.883431236,-1.473094698,1.021263964,1.774759842,-0.876094304,-19.78023582,,
7.507507508,-1.893128817,-1.465377102,1.000141871,1.787714244,-0.867241301,-20.03183965,,
7.607607608,-1.887827801,-1.445159506,0.978518742,1.804668646,-0.856387754,-20.76736783,,
7.707707708,-1.918526784,-1.453441909,0.947895612,1.813623047,-0.857534207,-21.49274078,,
7.807807808,-1.930725768,-1.435640697,0.936772483,1.818599208,-0.85668066,-21.11679602,,
7.907907908,-1.950541912,-1.415614419,0.915062875,1.847633935,-0.825781636,-20.74085126,,
8.008008008,-1.983865653,-1.395164015,0.885847658,1.857279029,-0.832879664,-20.3649065,,
8.108108108,-2.015986046,-1.355213611,0.851118122,1.860424124,-0.799479365,-19.98896174,,
8.208208208,-2.055527712,-1.334763207,0.81367519,1.877569218,-0.793141174,-19.61301698,,
8.308308308,-2.087602912,-1.294812803,0.80074377,1.915714313,-0.76845864,-19.23707222,,
8.408408408,-2.097128569,-1.292315983,0.760248578,1.942871486,-0.77167237,-18.86112746,,
8.508508509,-2.111481781,-1.253231221,0.767642546,1.969681654,-0.760564881,-18.61031533,,
8.608608609,-2.143834992,-1.246777064,0.756036513,2.001878971,-0.749457392,-18.36065286,,
8.708708709,-2.154188204,-1.25073248,0.753930481,1.996611904,-0.728349903,-18.11099038,,
8.808808809,-2.168415522,-1.247551761,0.763917374,2.020885377,-0.701427417,-18.04346068,,
8.908908909,-2.173091591,-1.237324995,0.771531684,2.038333025,-0.686662961,-18.49850898,,
9.009009009,-2.162875443,-1.222553684,0.777387259,2.054884276,-0.687171984,-18.95355728,,
9.109109109,-2.178181508,-1.218956995,0.7745779,2.042709136,-0.65369464,-19.40860558,,
9.209209209,-2.191487573,-1.17745636,0.771768541,2.068482575,-0.630217296,-19.86365388,,
9.309309309,-2.205293637,-1.155111812,0.768959182,2.07829894,-0.610739952,-20.35410148,,
9.409409409,-2.199099702,-1.142254073,0.768149823,2.074659045,-0.597262608,-20.88038223,,
9.50950951,-2.221555749,-1.136477414,0.745360694,2.076519149,-0.59753297,-21.40666298,,
9.60960961,-2.239606901,-1.109200755,0.720001367,2.084379253,-0.585766417,-21.93294373,,
9.70970971,-2.199952036,-1.097940804,0.740348829,2.089735009,-0.563374818,-22.21547224,,
9.80980981,-2.198939406,-1.096807284,0.759898412,2.105057866,-0.550979491,-22.26349603,,
9.90990991,-2.18761046,-1.093173764,0.767343391,2.092880722,-0.548584164,-22.31151981,,
10.01001001,-2.164781514,-1.083540244,0.74128837,2.11487475,-0.532188837,-22.3595436,,
10.11011011,-2.122401214,-1.081685306,0.748771255,2.138241733,-0.533813444,-22.40777989,,
10.21021021,-2.068467208,-1.082351285,0.712293781,2.149173856,-0.511958896,-22.48774794,,
10.31031031,-2.017489268,-1.089487734,0.706741545,2.15173761,-0.49903917,-22.56771599,,
10.41041041,-2.015011328,-1.078735088,0.73318931,2.159284878,-0.486119442,-22.64768404,,
10.51051051,-2.017934289,-1.051328922,0.758180618,2.185788349,-0.461758274,-22.72765208,,
10.61061061,-2.031440834,-1.031422757,0.809019273,2.214291821,-0.44581152,-22.80762013,,
10.71071071,-2.047577509,-1.031516592,0.832032603,2.221795293,-0.435360261,-22.88758818,,
10.81081081,-2.057002673,-1.020615345,0.84605189,2.247927595,-0.404478145,-22.96755623,,
10.91091091,-2.060787378,-1.00955593,0.861282043,2.265101056,-0.390232782,-23.04752427,,
11.01101101,-2.070072083,-1.019218567,0.867012196,2.262716735,-0.409987419,-23.12309861,,
11.11111111,-2.073856788,-0.998787025,0.86474235,2.25822681,-0.447742055,-23.16172446,,
11.21121121,-2.068641493,-0.989355482,0.857972503,2.265736885,-0.461496691,-23.20035031,,
11.31131131,-2.056426198,-0.96892394,0.836202656,2.255246961,-0.481251328,-23.23897616,,
11.41141141,-2.048418639,-0.978492398,0.817915013,2.202257036,-0.519108701,-23.27760201,,
11.51151151,-2.020441702,-0.958486601,0.800587127,2.192286434,-0.553687034,-23.31622786,,
11.61161161,-2.022903724,-0.932305425,0.802671087,2.181142168,-0.576161413,-23.35485371,,
11.71171171,-2.011330209,-0.928800072,0.798296589,2.169525871,-0.583861017,-23.39347956,,
11.81181181,-1.986756694,-0.902619566,0.82292209,2.171057597,-0.611560621,-23.43210541,,
11.91191191,-1.97468318,-0.924785906,0.840547591,2.160719953,-0.619260224,-23.41825461,,
12.01201201,-1.961204779,-0.912046841,0.843602887,2.163175102,-0.616922909,-23.20047185,,
12.11211211,-1.95647843,-0.905384352,0.877603072,2.1667789,-0.624293681,-22.98268908,,
12.21221221,-1.936963898,-0.892479754,0.881577847,2.151699796,-0.631388157,-22.76490632,,
12.31231231,-1.936449366,-0.877564782,0.896052621,2.141147204,-0.630746898,-22.54712356,,
12.41241241,-1.932425325,-0.850334723,0.920017385,2.147454293,-0.63557711,-22.3293408,,
12.51251251,-1.929920302,-0.853104663,0.95350217,2.173261383,-0.652671587,-22.11155804,,
12.61261261,-1.926170557,-0.833874604,0.947781497,2.160568472,-0.649663285,-21.89377527,,
12.71271271,-1.946945675,-0.848144545,0.980304346,2.176875561,-0.684257177,-21.67599251,,
12.81281281,-1.944242538,-0.840414486,1.002942081,2.193182651,-0.662648551,-21.54513145,,
12.91291291,-1.944592972,-0.843303187,1.025171211,2.199458836,-0.648825054,-21.62165387,,
13.01301301,-1.942943406,-0.85341087,1.03790034,2.223678037,-0.655001557,-21.69817629,,
13.11311311,-1.956213258,-0.848518554,1.059818658,2.259182524,-0.671178059,-21.77469871,,
13.21321321,-1.946759959,-0.84284996,1.088228162,2.280499323,-0.667309658,-21.85122113,,
13.31331331,-1.967722708,-0.84473392,1.132181307,2.301473279,-0.66305441,-21.92774355,,
13.41341341,-1.980185456,-0.854801563,1.124089407,2.309554842,-0.668799162,-22.00426597,,
13.51351351,-2.005734532,-0.839949286,1.126671914,2.296774043,-0.674898561,-22.08078839,,
13.61361361,-2.007784827,-0.853553243,1.131122583,2.310364103,-0.681191563,-22.15731081,,
13.71371371,-2.026835123,-0.83767882,1.112073252,2.328818426,-0.689484566,-22.17535907,,
13.81381381,-2.037172058,-0.841304396,1.114812346,2.324772749,-0.693666309,-22.10379536,,
13.91391391,-2.048296039,-0.835429973,1.096601435,2.340727072,-0.699348477,-22.03223164,,
14.01401401,-2.05571882,-0.81755555,1.099992126,2.358681394,-0.703350966,-21.96066793,,
14.11411411,-2.067513636,-0.813181126,1.102173212,2.411135717,-0.690709447,-21.88910421,,
14.21421421,-2.07257406,-0.80565585,1.081299904,2.403949115,-0.694043284,-21.81754049,,
14.31431431,-2.084595444,-0.78923747,1.081926596,2.425531616,-0.699377122,-21.74597678,,
14.41441441,-2.087155383,-0.778583042,1.07352483,2.436752702,-0.694695993,-21.67441306,,
14.51451451,-2.091324892,-0.726581766,1.076542187,2.445629162,-0.719972335,-21.60284935,,
14.61461461,-2.091994402,-0.70535977,1.084559545,2.471906522,-0.717248676,-21.62055402,,
14.71471471,-2.073163911,-0.68528342,1.097576902,2.477925625,-0.742525017,-21.73119163,,
14.81481481,-2.075130633,-0.651317179,1.137743942,2.489298581,-0.747880072,-21.84182924,,
14.91491491,-2.062272704,-0.631265034,1.159639653,2.504889882,-0.74450088,-21.95246685,,
15.01501502,-2.04490578,-0.60540271,1.17686111,2.519624617,-0.767097905,-22.06310447,,
15.11511512,-2.044191568,-0.577184331,1.216388267,2.555668445,-0.761494676,-22.17374208,,
15.21521522,-2.05220258,-0.563516406,1.225415425,2.590699143,-0.767750306,-22.28437969,,
15.31531532,-2.063213592,-0.564848481,1.225442582,2.634229842,-0.763005937,-22.3950173,,
15.41541542,-2.045724604,-0.560680556,1.234969741,2.68126054,-0.765761567,-22.50565491,,
15.51551552,-2.069626104,-0.564106035,1.224708669,2.726266933,-0.760365627,-22.44673439,,
15.61561562,-2.06652359,-0.539346816,1.194581496,2.781061166,-0.746777167,-22.2702224,,
15.71571572,-2.081421054,-0.533587597,1.173585277,2.815855399,-0.760494639,-22.09371042,,
15.81581582,-2.070387085,-0.526242897,1.177253722,2.880562209,-0.772712111,-21.91719843,,
15.91591592,-2.07221598,-0.519687698,1.193092839,2.925823796,-0.738929583,-21.74068645,,
16.01601602,-2.087113443,-0.512632499,1.20959662,2.979085383,-0.733647055,-21.56417446,,
16.11611612,-2.044010906,-0.495577301,1.2471004,3.02834697,-0.737864527,-21.38766248,,
16.21621622,-2.04806278,-0.497447038,1.257097397,3.069960903,-0.722604296,-21.21115049,,
16.31631632,-2.048955401,-0.49018612,1.306081006,3.097635674,-0.705599958,-21.03463851,,
16.41641642,-2.052348021,-0.460700478,1.335564616,3.14369633,-0.69259562,-20.89475102,,
16.51651652,-2.028240641,-0.464565713,1.365548225,3.147989431,-0.677591282,-20.77190822,,
16.61661662,-2.020686314,-0.455331106,1.395949253,3.195167593,-0.652116474,-20.64906541,,
16.71671672,-2.014265121,-0.440596498,1.415015445,3.211345755,-0.633190215,-20.5262226,,
16.81681682,-2.018938856,-0.424619024,1.454114966,3.265957005,-0.62237629,-20.4033798,,
16.91691692,-2.023832651,-0.408641309,1.452621455,3.270438207,-0.606095186,-20.28053699,,
17.01701702,-2.029226446,-0.399672604,1.471627943,3.316428417,-0.598814082,-20.15769419,,
17.11711712,-2.005120242,-0.38091561,1.470134432,3.328130339,-0.573032977,-20.03485138,,
17.21721722,-2.012514037,-0.366529624,1.48064092,3.377203315,-0.596751873,-19.91200858,,
17.31731732,-1.996407832,-0.352956345,1.467647408,3.39296296,-0.583470768,-19.91980324,,
17.41741742,-1.991551638,-0.312576759,1.466469357,3.426961344,-0.577592621,-19.96531866,,
17.51751752,-1.965201689,-0.306301152,1.454322845,3.445155166,-0.551205195,-20.01083407,,
17.61761762,-1.91779478,-0.301158189,1.44652974,3.489671819,-0.524713698,-20.05634949,,
17.71771772,-1.887858341,-0.281274986,1.468098496,3.547925708,-0.537677657,-20.1018649,,
17.81781782,-1.846783764,-0.256825216,1.474236322,3.572334753,-0.520913888,-20.14738032,,
17.91791792,-1.813709187,-0.232751837,1.481374148,3.632179034,-0.494150118,-20.19289574,,
18.01801802,-1.786073804,-0.215682117,1.519925919,3.69529204,-0.48560403,-20.23841115,,
18.11811812,-1.760984423,-0.162193393,1.525681862,3.768755662,-0.48142824,-20.28392657,,
18.21821822,-1.744990561,-0.148757006,1.555605428,3.834575553,-0.485603529,-20.22253627,,
18.31831832,-1.701247763,-0.135320619,1.581712739,3.937395445,-0.449875444,-20.14580943,,
18.41841842,-1.689004965,-0.111884231,1.636710441,4.020715337,-0.415080292,-20.06908259,,
18.51851852,-1.685002908,-0.088947844,1.639131065,4.094035229,-0.399160015,-19.99235575,,
18.61861862,-1.670530517,-0.076129362,1.656288318,4.148324439,-0.382298707,-19.91562891,,
18.71871872,-1.668047945,-0.072783669,1.664120105,4.213990619,-0.35511107,-19.83890208,,
18.81881882,-1.64978835,-0.059370913,1.687287307,4.285304361,-0.326336884,-19.76217524,,
18.91891892,-1.648822936,-0.083458158,1.730999239,4.366618104,-0.312560355,-19.6854484,,
19.01901902,-1.621857521,-0.101045402,1.755711171,4.461931846,-0.242783826,-19.60872156,,
19.11911912,-1.603392107,-0.117132647,1.799923104,4.523745588,-0.215007297,-19.52532106,,
19.21921922,-1.574162071,-0.134090762,1.844199424,4.635033805,-0.18752756,-19.44171033,,
19.31931932,-1.512752682,-0.175507186,1.909791376,4.725342639,-0.152528149,-19.35809961,,
19.41941942,-1.455824775,-0.204043761,1.994375821,4.795348584,-0.101684895,-19.27448888,,
19.51951952,-1.423229728,-0.21397223,2.030159692,4.894332002,-0.056734994,-19.19087815,,
19.61961962,-1.400299552,-0.225009809,2.077821868,4.998508113,-0.009721098,-19.10726743,,
19.71971972,-1.364369376,-0.203547387,2.073984045,5.122184224,0.037292799,-19.0236567,,
19.81981982,-1.343658026,-0.183084965,2.080484699,5.192860335,0.066391634,-18.94004597,,
19.91991992,-1.311742514,-0.130663084,2.064266987,5.286865275,0.1016053,-18.83799441,,
20.02002002,-1.279827002,-0.100363186,2.031049276,5.386092633,0.128818966,-18.46704008,,
20.12012012,-1.247060138,-0.086198327,2.028004237,5.493799136,0.166903503,-18.09608575,,
20.22022022,-1.208366754,-0.075393829,2.003143265,5.587221854,0.196686957,-17.72513142,,
20.32032032,-1.183667538,-0.055030772,2.010224681,5.675185113,0.221075995,-17.35417709,,
20.42042042,-1.113237433,-0.032919968,2.052648677,5.804607832,0.257978074,-16.98322277,,
20.52052052,-1.073338413,0.007276423,2.110287856,5.915584605,0.297004064,-16.61226844,,
20.62062062,-1.034939393,0.036972813,2.192427035,6.035061378,0.302030054,-16.24131411,,
20.72072072,-0.995040372,0.078648514,2.267566214,6.158662877,0.339056044,-15.77521156,,
20.82082082,-0.966037596,0.094004083,2.342281978,6.265082784,0.35604176,-15.14414161,,
20.92092092,-0.950107067,0.094399334,2.399658795,6.361650283,0.371891054,-14.51307167,,
21.02102102,-0.925356536,0.081288079,2.473043351,6.478558122,0.390710342,-13.88200172,,
21.12112112,-0.901495846,0.096782429,2.536498064,6.606900396,0.413825368,-13.25093178,,
21.22122122,-0.872802573,0.10876777,2.556340164,6.764822249,0.442830283,-12.61986184,,
21.32132132,-0.86525945,0.136673405,2.612532114,6.91522336,0.460091456,-11.79221599,,
21.42142142,-0.837466327,0.135761659,2.645724063,7.084911771,0.527352627,-10.92243585,,
21.52152152,-0.829826583,0.173585719,2.68020321,7.213531434,0.573968117,-10.05265572,,
21.62162162,-0.840316736,0.184311968,2.692493367,7.336125643,0.626605794,-9.182875582,,
21.72172172,-0.823164981,0.200538216,2.717262425,7.454719852,0.672100115,-8.422023122,,
21.82182182,-0.817153868,0.180264465,2.721645098,7.556814061,0.718799642,-8.03911574,,
21.92192192,-0.797418529,0.149490714,2.734051293,7.69140827,0.743286957,-7.656208358,,
22.02202202,-0.813513021,0.199110468,2.754158189,7.829474767,0.784798795,-7.273300976,,
22.12212212,-0.806223129,0.255186155,2.75660943,7.978029797,0.814428252,-6.890393594,,
22.22222222,-0.81094554,0.312827988,2.785200914,8.11960204,0.848296221,-6.507486212,,
22.32232232,-0.802678963,0.338187186,2.824080355,8.196305539,0.893981489,-6.124578829,,
22.42242242,-0.789647621,0.380808146,2.881427264,8.289075104,0.936671762,-5.741671447,,
22.52252252,-0.793998662,0.41303321,2.955448849,8.375682507,0.98424692,-5.232610156,,
22.62262262,-0.794673527,0.455036601,3.044720683,8.477427773,1.031715971,-4.636808514,,
22.72272272,-0.771692236,0.512737883,3.170798323,8.576515485,1.07048232,-4.041006872,,
22.82282282,-0.775114126,0.551195921,3.289496162,8.681143738,1.156193003,-3.445205229,,
22.92292292,-0.770016853,0.590434203,3.426636888,8.802736525,1.203890668,-2.849403587,,
23.02302302,-0.753619492,0.626907183,3.499082037,8.95041423,1.272830405,-2.253601945,,
23.12312312,-0.744091001,0.635844128,3.549137797,9.089321665,1.306626999,-1.370911138,,
23.22322322,-0.739257705,0.665979271,3.577955319,9.227445319,1.329036206,0.018278155,,
23.32332332,-0.755029013,0.686636701,3.606320388,9.415472504,1.370444412,1.407467449,,
23.42342342,-0.771681879,0.735579133,3.633977593,9.59844085,1.374596444,2.796656743,,
23.52352352,-0.800356095,0.754179222,3.686517598,9.738611895,1.388067755,4.109919084,,
23.62362362,-0.824200971,0.779062696,3.744545065,9.857356684,1.404990146,5.40223036,,
23.72372372,-0.860202504,0.769536913,3.832284244,9.979755201,1.430909534,6.694541636,,
23.82382382,-0.906784617,0.810317937,3.924391792,10.0828384,1.461421514,7.606362563,,
23.92392392,-0.942299162,0.827402871,4.009146988,10.18753083,1.504270332,8.298354033,,
24.02402402,-0.960932813,0.869000048,4.109717612,10.30184922,1.560720792,8.990345503,,
24.12412412,-0.965821517,0.918208836,4.216687963,10.41616061,1.620083241,9.682336974,,
24.22422422,-0.973929492,0.972877084,4.317188997,10.5539795,1.687911584,10.37432844,,
24.32432432,-1.000287976,1.031548268,4.444013653,10.67479916,1.756695868,11.06631991,,
24.42442442,-1.002482296,1.066227796,4.575429401,10.77612099,1.832041714,11.49388385,,
24.52452452,-1.001988427,1.103407323,4.712682485,10.86494282,1.907445618,11.87615474,,
24.62462462,-1.008347471,1.11331707,4.867105652,10.98832456,1.97805444,12.25842562,,
24.72472472,-1.004372823,1.142729658,4.993457908,11.09870703,2.029609897,12.64069651,,
24.82482482,-1.023078857,1.156142247,5.090781636,11.19258951,2.068979167,12.78036964,,
24.92492492,-1.0083503,1.144554835,5.186793616,11.30197199,2.108985323,12.54930632,,
25.02502503,-1.016227144,1.162467424,5.293278985,11.40285446,2.137204932,12.31824299,,
25.12512513,-0.996694079,1.160563561,5.498873965,11.5237847,2.191672289,12.08717967,,
25.22522523,-1.004229481,1.188085099,5.539918405,11.64419553,2.170166221,11.85761242,,
25.32532533,-1.040812447,1.244212608,5.703927737,11.80637984,2.192678616,11.63078647,,
25.42542543,-1.063777795,1.251731008,5.763675308,11.94011871,2.206194013,11.40396053,,
25.52552553,-1.063978379,1.268467626,5.878946403,12.08362835,2.213703405,11.17713459,,
25.62562563,-1.121950983,1.297728268,5.996537197,12.23422357,2.244172962,10.95030865,,
25.72572573,-1.178420221,1.30563906,6.113630476,12.41310558,2.262641213,10.72348271,,
25.82582583,-1.203965724,1.34033831,6.220798398,12.5937655,2.305333143,10.49665676,,
25.92592593,-1.251613964,1.398538399,6.315521423,12.76762031,2.35425903,10.26983082,,
26.02602603,-1.271762205,1.460324072,6.412244448,12.95252917,2.415184916,10.04300488,,
26.12612613,-1.298410445,1.524938574,6.530467473,13.15682993,2.506110802,10.0174772,,
26.22622623,-1.310211686,1.611260283,6.65603004,13.35067122,2.597322545,10.23104333,,
26.32632633,-1.317667017,1.70546938,6.887541653,13.56631432,2.737286578,10.44460946,,
26.42642643,-1.306013814,1.771660459,7.105757573,13.77502949,2.859561887,10.65817559,,
26.52652653,-1.307677748,1.842590804,7.260599951,13.95493703,2.948687943,10.87174172,,
26.62662663,-1.331841682,1.881616754,7.386442328,14.13636945,3.049313999,11.08530785,,
26.72672673,-1.343505616,1.919142703,7.502284706,14.25730187,3.120440054,11.29887398,,
26.82682683,-1.34316955,1.938668653,7.618627084,14.32823429,3.19156611,11.51244011,,
26.92692693,-1.352355261,1.928694602,7.743584324,14.40463117,3.284894696,11.72600624,,
27.02702703,-1.371264638,1.946085417,7.867114597,14.46499102,3.355921944,12.28926221,,
27.12712713,-1.3666049,1.943232803,8.031441147,14.54848892,3.411003467,12.86981674,,
27.22722723,-1.360437154,1.959912459,8.22891034,14.62113051,3.503513918,13.45037126,,
27.32732733,-1.378834973,1.941175091,8.378429078,14.70125464,3.577860206,14.03092579,,
27.42742743,-1.387191752,1.951437723,8.502367242,14.79337875,3.59867296,14.61148032,,
27.52752753,-1.42504853,1.952700354,8.619305403,14.90800288,3.649485714,15.19203485,,
27.62762763,-1.420793417,2.002462986,8.756064279,15.011627,3.689866882,15.77258938,,
27.72772773,-1.447301812,2.044725617,8.89299772,15.12175112,3.729656253,16.18245533,,
27.82782783,-1.461810206,2.077342972,9.000931161,15.26246755,3.767945625,16.50221521,,
27.92792793,-1.488318601,2.143478093,9.137864597,15.37181871,3.840234996,16.82197508,,
28.02802803,-1.514123792,2.184955876,9.294990231,15.54475905,3.911977822,17.14173496,,
28.12812813,-1.506423978,2.265433659,9.518217465,15.68769937,3.996885812,17.46149484,,
28.22822823,-1.518666228,2.318911443,9.68466504,15.8271397,4.090840115,17.78125472,,
28.32832833,-1.526514726,2.396889226,9.866454629,15.95808004,4.150679267,18.10101459,,
28.42842843,-1.532863224,2.425511984,10.01924422,16.05610262,4.257518419,18.42077447,,
28.52852853,-1.517211723,2.437976485,10.16753381,16.13284414,4.329357571,18.65694444,,
28.62862863,-1.503560221,2.453154568,10.3173234,16.23598964,4.407196723,18.8893985,,
28.72872873,-1.527408719,2.476543575,10.47511299,16.31292985,4.499035875,19.12185255,,
28.82882883,-1.533328786,2.496647297,10.63234975,16.33727547,4.588902807,19.35430661,,
28.92892893,-1.531344607,2.50669246,10.79900247,16.34904001,4.694519683,19.58676067,,
29.02902903,-1.565538798,2.536332218,10.93615745,16.37278653,4.797698007,19.81921472,,
29.12912913,-1.582736993,2.580660167,11.04742705,16.40854939,4.875284741,20.05166878,,
29.22922923,-1.614935188,2.613241929,11.17669665,16.47996833,4.948871474,20.28412283,,
29.32932933,-1.639133382,2.675209024,11.29546625,16.55636415,5.023958207,20.51946732,,
29.42942943,-1.650811712,2.765992054,11.40785769,16.61751402,5.092954997,20.81253965,,
29.52952953,-1.587971328,2.845775082,11.49700109,16.6911639,5.175556367,21.10561197,,
29.62962963,-1.612527786,2.956058112,11.59035156,16.79381377,5.259811774,21.3986843,,
29.72972973,-1.643260676,3.078831792,11.68280442,16.85696121,5.35024155,21.69175662,,
29.82982983,-1.675412486,3.180088515,11.80305659,16.93060424,5.442012667,21.98482895,,
29.92992993,-1.690104836,3.23632722,11.89810205,16.96354557,5.497736237,22.27790127,,
30.03003003,-1.679103508,3.282233455,12.03397143,17.00962218,5.575692903,22.5709736,,
30.13013013,-1.706554827,3.327364835,12.17411389,17.05027162,5.633243034,22.86404592,,
30.23023023,-1.69845037,3.378957676,12.29729751,17.08839553,5.708271516,23.12903107,,
30.33033033,-1.698383864,3.43361408,12.38132219,17.11364256,5.78812065,23.21573944,,
30.43043043,-1.705817358,3.47482966,12.47605712,17.11866522,5.867452267,23.30244782,,
30.53053053,-1.708750852,3.481573662,12.55087154,17.11519527,5.93231892,23.38915619,,
30.63063063,-1.735394612,3.453817663,12.62933648,17.06272532,5.990064571,23.47586457,,
30.73073073,-1.727536568,3.439156584,12.71510943,17.00278007,6.070494628,23.56257294,,
30.83083083,-1.756391238,3.423582794,12.76169469,16.91137798,6.106498258,23.64928132,,
30.93093093,-1.795244833,3.440009005,12.78640927,16.83797589,6.152010457,23.73598969,,
31.03103103,-1.803432352,3.460443647,12.80137739,16.78607599,6.161652271,23.82269807,,
31.13113113,-1.842119871,3.49239099,12.8553455,16.7536794,6.167294084,23.83337813,,
31.23123123,-1.853460084,3.532838334,12.87946278,16.73278282,6.215383322,23.59057065,,
31.33133133,-1.865411014,3.595785677,12.91212927,16.73938622,6.243209612,23.34776317,,
31.43143143,-1.888361943,3.666573361,12.96479576,16.76589304,6.238287891,23.10495569,,
31.53153153,-1.920038098,3.739364915,13.03448927,16.79375748,6.220362192,22.86214822,,
31.63163163,-1.936935254,3.831323494,13.13749178,16.82894959,6.28800889,22.61934074,,
31.73173173,-1.969020158,3.935360579,13.22417698,16.91205548,6.276051093,22.37653326,,
31.83183183,-1.960297208,4.043156924,13.29668619,16.97651021,6.325145426,22.13372578,,
31.93193193,-1.946179344,4.145052368,13.39135597,17.0291181,6.331892392,21.89091831,,
32.03203203,-1.95406148,4.209407271,13.47652575,17.07159085,6.368639359,21.73541672,,
32.13213213,-1.922943615,4.254856768,13.52269553,17.06946901,6.413386326,21.75304368,,
32.23223223,-1.94382525,4.256885577,13.55644488,17.034719,6.418449609,21.77067065,,
32.33233233,-1.967667685,4.20785939,13.57778628,16.96224007,6.488320494,21.78829762,,
32.43243243,-1.99491103,4.161809669,13.58396791,16.86238514,6.495751827,21.80592458,,
32.53253253,-1.993013374,4.084259948,13.59834421,16.7120302,6.562390191,21.82355155,,
32.63263263,-2.021615719,3.986710227,13.61522051,16.52767526,6.581028555,21.84117851,,
32.73273273,-2.044218064,3.899160506,13.59759681,16.34082032,6.605666919,21.85880548,,
32.83283283,-2.024320408,3.760610785,13.5729731,16.08546539,6.632305284,21.87643244,,
32.93293293,-2.030771059,3.722759565,13.55083044,15.99579221,6.65869069,22.00961743,,
33.03303303,-2.026190366,3.695923352,13.56968716,15.89438317,6.654287619,22.29478443,,
33.13313313,-2.050255485,3.692428981,13.5747863,15.84659774,6.690443265,22.57995143,,
33.23323323,-2.073820604,3.700750927,13.61792347,15.77656508,6.695206518,22.86511844,,
33.33333333,-2.077885723,3.734914714,13.66554163,15.70865603,6.680665968,23.15028544,,
33.43343343,-2.082450842,3.796578502,13.71665978,15.62724699,6.688125417,23.43545244,,
33.53353353,-2.094515961,3.865242289,13.74277794,15.58833794,6.691584867,23.72061944,,
33.63363363,-2.140204618,3.937965157,13.76193585,15.5748346,6.697286345,24.00578645,,
33.73373373,-2.13704249,4.012223175,13.76974549,15.55673074,6.662933898,24.29095345,,
33.83383383,-2.162380362,4.108481193,13.77705513,15.54562689,6.651581451,24.56860477,,
33.93393393,-2.158718234,4.153239211,13.772599,15.53452303,6.639602877,24.83933486,,
34.03403403,-2.174556105,4.207497228,13.74133157,15.50241917,6.558142822,25.11006495,,
34.13413413,-2.190393977,4.220755246,13.70298405,15.44531532,6.498524108,25.38079504,,
34.23423423,-2.205140659,4.199374696,13.68259912,15.37630551,6.44424811,25.65152513,,
34.33433433,-2.236071525,4.156736648,13.67166169,15.29748892,6.418685061,25.92225522,,
34.43443443,-2.227582479,4.121838808,13.65603421,15.19960473,6.37295902,26.19298531,,
34.53453453,-2.209093432,4.07296349,13.62840673,15.12342023,6.387232978,26.4637154,,
34.63463463,-2.235104385,4.038709293,13.60077925,15.05580981,6.381506938,26.73444549,,
34.73473473,-2.260615339,3.982884525,13.60265177,14.95846866,6.388280897,26.80936139,,
34.83483483,-2.278579858,3.934247445,13.59441622,14.8686085,6.408610862,26.7589172,,
34.93493493,-2.269831887,3.914284216,13.58138315,14.78758685,6.409080887,26.70847301,,
35.03503504,-2.268003045,3.909452006,13.55275707,14.73183359,6.402816139,26.65802881,,
35.13513514,-2.286170701,3.917368959,13.50256141,14.66227802,6.430703544,26.60758462,,
35.23523524,-2.294338356,3.925285911,13.49086576,14.61823596,6.426590949,26.46866375,,
35.33533534,-2.282006012,3.952702864,13.4796701,14.5616939,6.414478353,26.254254,,
35.43543544,-2.294904761,3.970119816,13.4624945,14.51265185,6.419014682,26.03984425,,
35.53553554,-2.280406922,3.988033462,13.43598071,14.44623905,6.390702996,25.8254345,,
35.63563564,-2.249093795,3.967905017,13.41919963,14.37057551,6.364268928,25.61102475,,
35.73573574,-2.247467838,3.967276572,13.38091423,14.27841198,6.321968631,25.37772994,,
35.83583584,-2.239380419,3.925310796,13.34837757,14.19129077,6.283614279,25.03807642,,
35.93593594,-2.247774483,3.8878528,13.34137495,14.09617159,6.242431099,24.6984229,,
36.03603604,-2.23607678,3.83424165,13.30500868,13.9890434,6.240541834,24.35876938,,
36.13613614,-2.254929191,3.809204074,13.29810541,13.8952025,6.214172021,24.96125185,,
36.23623624,-2.264281602,3.784130132,13.32070214,13.82563598,6.195802208,25.82300294,,
36.33633634,-2.253106027,3.728884226,13.32492672,13.73615932,6.1608393,26.87340018,,
36.43643644,-2.252472696,3.67935654,13.31898919,13.64852201,6.123698711,28.28449198,,
36.53653654,-2.250339365,3.619755435,13.31355165,13.57036559,6.126558122,29.69558378,,
36.63663664,-2.271204532,3.560645302,13.2669249,13.48320682,6.079336245,31.29261644,,
36.73673674,-2.291435566,3.520035169,13.22464687,13.42204805,6.072529636,32.95782137,,
36.83683684,-2.300451884,3.500608294,13.17096793,13.35843697,6.030753057,33.27446482,,
36.93693694,-2.295857152,3.500474134,13.12687097,13.32440206,6.015933373,33.59110826,,
37.03703704,-2.303533915,3.470839975,13.10231173,13.26886714,6.007830916,33.90775171,,
37.13713714,-2.307710679,3.470705815,13.0782525,13.23933223,5.980228458,34.22439515,,
37.23723724,-2.331201136,3.441065009,13.03433078,13.19829559,5.993053685,34.41147551,,
37.33733734,-2.341170133,3.43092281,13.0104249,13.15175859,5.974870583,34.46617175,,
37.43743744,-2.330626618,3.401422967,12.98374725,13.11251959,5.976060353,34.52086799,,
37.53753754,-2.332108128,3.361194228,12.96831885,13.05824107,5.942345219,34.57556423,,
37.63763764,-2.348726655,3.331320344,12.93896596,13.00917176,5.914185239,34.63026047,,
37.73773774,-2.351503336,3.297313826,12.94494017,12.96733768,5.896039332,34.68495671,,
37.83783784,-2.366052352,3.255604106,12.93208241,12.89985896,5.887805056,34.73965295,,
37.93793794,-2.372595494,3.203591313,12.918729,12.83689301,5.869568501,34.79434919,,
38.03803804,-2.375138638,3.178765018,12.88587558,12.79299819,5.851331946,34.84904542,,
38.13813814,-2.372181781,3.149804761,12.89252216,12.73500853,5.833095391,34.79985608,,
38.23823824,-2.355224923,3.12031236,12.87916874,12.71501051,5.824858835,34.67853432,,
38.33833834,-2.359717445,3.100819959,12.87909393,12.67901249,5.800467484,34.55721256,,
38.43843844,-2.365788578,3.090827558,12.86557824,12.66651447,5.758991306,34.43589079,,
38.53853854,-2.387274887,3.090335158,12.87138154,12.66701644,5.738953858,34.31456903,,
38.63863864,-2.369082516,3.080675607,12.85944008,12.64697493,5.690737732,34.19324727,,
38.73873874,-2.376390146,3.070337412,12.84699863,12.64488692,5.652021606,34.0719255,,
38.83883884,-2.387697777,3.050477349,12.80555718,12.61779322,5.63330548,33.95060374,,
38.93893894,-2.376967686,3.040117285,12.79314357,12.61569953,5.585074712,33.82928197,,
39.03903904,-2.409410547,3.030257222,12.76344762,12.58860583,5.535440689,33.89476379,,
39.13913914,-2.417831411,3.016133395,12.70576791,12.57324837,5.515798127,34.04375555,,
39.23923924,-2.416252275,2.997084143,12.68558819,12.54991844,5.46064005,34.19274732,,
39.33933934,-2.431173139,2.970292111,12.63390848,12.52085469,5.416513003,34.34173908,,
39.43943944,-2.463594003,2.943470456,12.59422876,12.5009011,5.386870442,34.49073084,,
39.53953954,-2.462508213,2.941282039,12.55655396,12.49148218,5.359225297,34.6397226,,
39.63963964,-2.470896529,2.892593622,12.49439827,12.44256326,5.349570101,34.78871436,,
39.73973974,-2.461146235,2.892905205,12.44410677,12.43514434,5.338249259,34.93770612,,
39.83983984,-2.520895941,2.873716787,12.41381526,12.41422542,5.298928416,35.08669789,,
39.93993994,-2.530645647,2.85452837,12.37302376,12.4163065,5.279607574,35.3529324,,
40.04004004,-2.534047005,2.834732325,12.33473225,12.39685957,5.261077022,35.65150381,,
40.14014014,-2.544848262,2.844656898,12.27644475,12.40433995,5.253497921,35.95007523,,
40.24024024,-2.564452556,2.834581471,12.23210658,12.39482032,5.232167478,36.24864664,,
40.34034034,-2.566612681,2.834506045,12.19298839,12.42330069,5.222229632,36.54721806,,
40.44044044,-2.584888138,2.824430618,12.15439226,12.40773602,5.181754319,36.84578948,,
40.54054054,-2.570163594,2.83127411,12.12079613,12.42893711,5.183279006,37.14436089,,
40.64064064,-2.59643905,2.824779764,12.0782,12.44871979,5.160803692,37.44293231,,
40.74074074,-2.593217015,2.838346499,12.03960201,12.46663361,5.181829354,37.74150372,,
40.84084084,-2.598369986,2.846517547,12.01072723,12.48279733,5.152000575,38.0526628,,
40.94094094,-2.616887322,2.874322228,11.99185245,12.48388297,5.140993618,38.36566841,,
41.04104104,-2.6182321,2.874587871,11.95940647,12.4919521,5.133398238,38.67867403,,
41.14114114,-2.639498416,2.875966125,11.93573962,12.48463534,5.130968193,38.99167965,,
41.24124124,-2.649264732,2.894619155,11.91641211,12.48409035,5.113877487,39.30468527,,
41.34134134,-2.676022309,2.894851184,11.89709105,12.48215073,5.098783389,39.61769089,,
41.44144144,-2.658185556,2.895014633,11.88783961,12.48219326,5.091652676,39.93069651,,
41.54154154,-2.677348802,2.905205876,11.88008818,12.48474302,5.091021964,40.24370213,,
41.64164164,-2.695968561,2.90489712,11.83936885,12.48229279,5.070874371,40.55670775,,
41.74174174,-2.7069965,2.915088363,11.81058635,12.47284255,5.080497061,41.02758266,,
41.84184184,-2.68385377,2.925279607,11.8079505,12.46089233,5.083533164,41.50505352,,
41.94194194,-2.701993321,2.934970851,11.80110044,12.45344209,5.100637335,41.98252438,,
42.04204204,-2.702052221,2.9450647,11.8127596,12.46546651,5.097354224,42.45999524,,
42.14214214,-2.68955159,2.967152991,11.80149819,12.48298948,5.090965823,42.9374661,,
42.24224224,-2.700050959,2.97459582,11.83373679,12.46297461,5.098577423,43.41493697,,
42.34234234,-2.716684544,2.98448688,11.81487631,12.47494626,5.09824112,43.90812161,,
42.44244244,-2.71799514,2.97437794,11.81738518,12.4808058,5.105973524,44.61205186,,
42.54254254,-2.717329441,2.964769001,11.82787655,12.48893611,5.107715129,45.31598212,,
42.64264264,-2.697524791,2.975411955,11.83560142,12.48327475,5.099596878,46.01991238,,
42.74274274,-2.704335256,2.984439601,11.83148996,12.47373053,5.118501649,46.72384264,,
42.84284284,-2.69691549,2.993420701,11.86755116,12.49728091,5.117360375,47.42777289,,
42.94294294,-2.68511084,2.993369126,11.86777604,12.47385307,5.129242123,47.95661268,,
43.04304304,-2.697309149,3.003349726,11.8652606,12.46278046,5.108033696,48.4406205,,
43.14314314,-2.678764922,3.001078075,11.83911668,12.44327541,5.126583363,48.92462831,,
43.24324324,-2.680785241,2.984351468,11.83686183,12.43428388,5.131329815,49.40863613,,
43.34334334,-2.670643399,2.993104918,11.84366856,12.42621675,5.127746938,49.89264395,,
43.44344344,-2.662082638,2.983396939,11.83547528,12.41416263,5.130649546,50.37665177,,
43.54354354,-2.656963318,2.993188959,11.83672194,12.40460851,5.142764367,50.86065958,,
43.64364364,-2.656461115,3.002590462,11.83627641,12.40658288,5.13511142,51.24504411,,
43.74374374,-2.63510362,3.012062017,11.83148354,12.38507548,5.121744812,51.52986738,,
43.84384384,-2.63785108,3.022033572,11.83261604,12.37556808,5.13833277,51.81469065,,
43.94394394,-2.629961905,3.023719381,11.83135715,12.36884768,5.133971779,52.09951393,,
44.04404404,-2.617306963,3.031220968,11.83575842,12.36584261,5.124085263,52.3843372,,
44.14414414,-2.610461331,3.03113697,11.82635588,12.35168638,5.112694242,52.66916047,,
44.24424424,-2.598144728,3.032224143,11.81306947,12.34559722,5.085783201,52.95398374,,
44.34434434,-2.58835668,3.024134656,11.81909908,12.31644382,5.074990611,53.23880702,,
44.44444444,-2.584194235,3.018861844,11.80557412,12.29674272,5.063931645,53.52363029,,
44.54454454,-2.579873631,3.020087878,11.80430693,12.26754132,5.04894425,53.7924632,,
44.64464464,-2.588619094,2.997780182,11.79302922,12.22833114,5.03798138,54.05013012,,
44.74474474,-2.584421614,2.986972486,11.79629055,12.18912096,5.036670662,54.30779704,,
44.84484484,-2.596978888,2.97666479,11.81120654,12.16941078,5.027695279,54.56546396,,
44.94494494,-2.592252621,2.965857095,11.81326584,12.1307006,5.032639742,54.82313088,,
45.04504505,-2.600782455,2.964882027,11.81031749,12.13044686,5.022875513,55.08079782,,
45.14514515,-2.608218651,2.97344993,11.81351597,12.1320742,5.036497204,55.33846474,,
45.24524525,-2.595940631,2.982357364,11.81871395,12.13928989,5.042791067,55.59613166,,
45.34534535,-2.608789239,3.010446366,11.80859911,12.11755283,5.046752598,55.85379858,,
45.44544545,-2.60252123,3.010115448,11.7970048,12.12989585,5.061966882,56.15179966,,
45.54554555,-2.61576779,3.03062437,11.78892611,12.1129726,5.030691447,56.46892908,,
45.64564565,-2.611252159,3.03786202,11.77984973,12.09984165,5.060911736,56.7860585,,
45.74574575,-2.618650796,3.040659627,11.75073434,12.11499167,5.042945106,57.10318792,,
45.84584585,-2.639669535,3.039506504,11.73986669,12.09670167,5.042806288,57.42031734,,
45.94594595,-2.634259846,3.044014214,11.72311365,12.0902744,5.03266747,57.73744676,,
46.04604605,-2.627166473,3.042787689,11.73452628,12.07132009,5.011511133,58.05457618,,
46.14614615,-2.663818721,3.041561164,11.71271758,12.07810002,4.983877004,58.37170559,,
46.24624625,-2.65484142,3.021334639,11.69305785,12.08068176,4.980109647,58.68883501,,
46.34634635,-2.662437649,3.029608114,11.68314939,12.08036259,4.972636487,58.90615413,,
46.44644645,-2.684209536,3.038381589,11.6829291,12.10704342,4.975079752,59.09298489,,
46.54654655,-2.693711654,3.037934895,11.66592754,12.10892718,4.982580574,59.27981565,,
46.64664665,-2.693713772,3.027716261,11.65342598,12.11637028,4.975081396,59.46664641,,
46.74674675,-2.703277159,3.019997627,11.64387919,12.12631339,5.002606,59.65347717,,
46.84684685,-2.719024663,3.007278993,11.6336965,12.1452565,5.03270207,59.84030794,,
46.94694695,-2.730772167,3.00956036,11.64351381,12.1646996,5.02479814,60.0271387,,
47.04704705,-2.722867439,3.009984869,11.64328242,12.1776287,5.046229132,60.21396946,,
47.14714715,-2.737629403,2.993759386,11.64301406,12.17102036,5.053697579,60.40080022,,
47.24724725,-2.741812787,2.996675316,11.6522457,12.15476906,5.053202062,60.51976787,,
47.34734735,-2.753601675,2.986765848,11.63253247,12.14299285,5.063314196,60.6274697,,
47.44744745,-2.75346194,2.97706609,11.62313561,12.13594088,5.073259956,60.73517153,,
47.54754755,-2.753322204,2.969366332,11.61523875,12.11588889,5.055205718,60.84287336,,
47.64764765,-2.763182469,2.967166573,11.60334189,12.10633691,5.063151479,60.95057519,,
47.74774775,-2.729783021,2.958966815,11.60613674,12.07478493,5.074996431,61.05827702,,
47.84784785,-2.740787623,2.946860861,11.5945024,12.04025735,5.062804139,61.16597885,,
47.94794795,-2.740358679,2.938986755,11.59986056,11.99716001,5.065162167,61.27368068,,
48.04804805,-2.730656663,2.946043293,11.57118885,11.97004461,5.039862532,61.38138251,,
48.14814815,-2.720454647,2.90659983,11.55561725,11.95792921,5.026480815,61.16581802,,
48.24824825,-2.693252631,2.906156368,11.57526636,11.93831381,5.012402402,60.9338184,,
48.34834835,-2.692558514,2.907712906,11.57790964,11.92119841,5.004327054,60.70181879,,
48.44844845,-2.692941419,2.895372111,11.57599608,11.89160973,5.002281603,60.46981918,,
48.54854855,-2.692274535,2.902859763,11.57811926,11.87379987,4.992216826,60.23781957,,
48.64864865,-2.71399401,2.90910326,11.58832632,11.85802736,5.004107939,60.00581995,,
48.74874875,-2.691713486,2.917614116,11.56653338,11.82840019,4.985999052,59.77382034,,
48.84884885,-2.710263792,2.919665011,11.56175546,11.80689465,5.00090518,59.54182073,,
48.94894895,-2.701152436,2.934141832,11.54744751,11.79217289,4.993757254,59.31582381,,
49.04904905,-2.70093424,2.935249284,11.53760856,11.76856374,4.973696584,59.19140005,,
49.14914915,-2.702751228,2.927101471,11.52774365,11.74616941,4.971625547,59.0669763,,
49.24924925,-2.678914528,2.916946601,11.52799218,11.72862911,4.953494855,58.94255254,,
49.34934935,-2.700077829,2.924765074,11.5282407,11.69758187,4.943364163,58.81812879,,
49.44944945,-2.717241129,2.924051853,11.50898923,11.66802639,4.945733472,58.69370504,,
49.54954955,-2.70140443,2.923838631,11.49023776,11.65847091,4.93360278,58.56928128,,
49.64964965,-2.68906773,2.93362541,11.49998628,11.63891542,4.913472088,58.44485753,,
49.74974975,-2.697755818,2.957527731,11.47175243,11.60989,4.939089934,58.32043377,,
49.84984985,-2.699274263,2.965509001,11.48983384,11.61188513,4.935552255,58.2334761,,
49.94994995,-2.685655572,2.972990271,11.47255238,11.59988026,4.923700262,58.3480604,,
50.05005005,-2.68053688,2.973084859,11.47227093,11.60826323,4.935848269,58.46264469,,
50.15015015,-2.671418189,2.975354491,11.46948947,11.60997503,4.933996276,58.57722898,,
50.25025025,-2.685838035,2.957915915,11.44647229,11.59439755,4.920458597,58.69181327,,
50.35035035,-2.679855686,2.963892028,11.44129748,11.61011492,4.91636017,58.80639757,,
50.45045045,-2.681137386,2.964071576,11.41885143,11.62166164,4.916857669,58.92098186,,
50.55055055,-2.68442742,2.964751122,11.41789922,11.65120836,4.903358402,59.03556615,,
50.65065065,-2.684274011,2.954930669,11.407447,11.65875508,4.90730258,59.15015045,,
50.75075075,-2.687007489,2.964580815,11.3964948,11.66829415,4.89835987,59.2289381,,
50.85085085,-2.703797524,2.965004843,11.38554259,11.66077438,4.896860603,59.200646,,
50.95095095,-2.70680198,2.966428872,11.38730117,11.64875461,4.889250488,59.1723539,,
51.05105105,-2.718990178,2.954851076,11.39466226,11.66823437,4.897323538,59.14406181,,
51.15115115,-2.71918553,2.944772244,11.38451806,11.63721385,4.887399365,59.11576971,,
51.25125125,-2.726880882,2.954193412,11.35537387,11.62969334,4.899475192,59.08747761,,
51.35135135,-2.767576233,2.946614579,11.35522967,11.62967282,4.879551018,59.05918551,,
51.45145145,-2.745748561,2.925029886,11.33648088,11.60065079,4.889022241,59.03089341,,
51.55155155,-2.765540064,2.937884633,11.34463382,11.60719858,4.878229944,59.00260131,,
51.65165165,-2.755456746,2.926595525,11.34457974,11.59261507,4.879892794,58.91663899,,
51.75175175,-2.759165276,2.917484647,11.35642582,11.5873152,4.897973737,58.72292047,,
51.85185185,-2.74717054,2.924470865,11.34642194,11.58100532,4.893975779,58.52920195,,
51.95195195,-2.736175803,2.898115742,11.34691805,11.56464188,4.897977823,58.33548343,,
52.05205205,-2.738181066,2.904274133,11.34691417,11.53995412,4.899979865,58.14176491,,
52.15215215,-2.736591515,2.904675766,11.34750727,11.53192853,4.886191332,57.94804639,,
52.25225225,-2.739719876,2.894585804,11.33488552,11.53240511,4.889994929,57.75432787,,
52.35235235,-2.732329218,2.874863389,11.32145096,11.54184724,4.898202932,57.56060935,,
52.45245245,-2.728151207,2.898078933,11.30543621,11.54177322,4.919968275,57.36689082,,
52.55255255,-2.739539079,2.893794477,11.31501897,11.5221992,4.909924753,57.19652967,,
52.65265265,-2.737426952,2.87351002,11.31510174,11.52012517,4.90788123,57.05452673,,
52.75275275,-2.737189077,2.883225564,11.30577732,11.48305115,4.919788897,56.9125238,,
52.85285285,-2.756175551,2.875441107,11.30815636,11.47097713,4.919589569,56.77052087,,
52.95295295,-2.753662024,2.875349975,11.29653542,11.45145341,4.921390241,56.62851793,,
53.05305305,-2.765252188,2.892722206,11.27683793,11.43469344,4.909231161,56.486515,,
53.15315315,-2.774328502,2.889342184,11.27661439,11.41813917,4.919116491,56.34451207,,
53.25325325,-2.755125537,2.892466666,11.26821419,11.40335367,4.918203522,56.20250913,,
53.35335335,-2.757066914,2.892338897,11.24797468,11.3953009,4.933159246,56.0605062,,
53.45345345,-2.735515604,2.894211127,11.22851255,11.35678717,4.93313933,55.97663731,,
53.55355355,-2.744964295,2.904083357,11.20905043,11.36425392,4.929119414,55.9397338,,
53.65365365,-2.756912985,2.901905015,11.1700883,11.33720751,4.929099498,55.90283029,,
53.75375375,-2.745294989,2.901161064,11.14267539,11.34664403,4.941053697,55.86592678,,
53.85385385,-2.766573557,2.891417112,11.12333884,11.32708055,4.930967747,55.82902327,,
53.95395395,-2.773902872,2.89317316,11.09196483,11.31551707,4.930901495,55.79211976,,
54.05405405,-2.771613839,2.900429208,11.0743458,11.29795359,4.908857494,55.75521625,,
54.15415415,-2.762176157,2.900185256,11.08127331,11.28839011,4.918813494,55.71831274,,
54.25425425,-2.7560628,2.872910216,11.06271585,11.26881854,4.920269494,55.68140923,,
54.35435435,-2.754449443,2.872632774,11.06279952,11.27074634,4.908725494,55.7095622,,
54.45445445,-2.736762974,2.860396375,11.08206809,11.28796861,4.920847193,55.77252029,,
54.55455455,-2.708132705,2.860159977,11.08179519,11.29908276,4.888990705,55.83547838,,
54.65465465,-2.704360913,2.859923579,11.07162674,11.32348221,4.911079286,55.89843647,,
54.75475475,-2.687089122,2.861949443,11.06195829,11.35263941,4.891167866,55.96139457,,
54.85485485,-2.69681733,2.866345176,11.06178984,11.36543876,4.901256446,56.02435266,,
54.95495495,-2.688860854,2.849972159,11.06069797,11.38191804,4.887236919,56.08731075,,
55.05505506,-2.687509226,2.849059457,11.05402259,11.40183693,4.890375964,56.15026885,,
55.15515516,-2.679280569,2.829585422,11.05431698,11.41384368,4.871242177,56.21322694,,
55.25525526,-2.689099328,2.812111387,11.03495075,11.40185044,4.869171828,56.16044098,,
55.35535536,-2.675418088,2.790137353,11.05208453,11.4213572,4.869101479,56.06841263,,
55.45545546,-2.677236847,2.783163318,11.07221831,11.41136395,4.879031129,55.97638427,,
55.55555556,-2.669555606,2.782639263,11.08185209,11.41185769,4.88096078,55.88435591,,
55.65565566,-2.657374365,2.761079008,11.11148587,11.40184201,4.86089043,55.79232755,,
55.75575576,-2.658728417,2.772962627,11.10396266,11.38431173,4.850639702,55.70029919,,
55.85585586,-2.655698712,2.762668497,11.12827677,11.39223519,4.869321097,55.60827083,,
55.95595596,-2.656669008,2.770374367,11.11348277,11.36515865,4.832340331,55.51624247,,
56.05605606,-2.653639303,2.769580237,11.11424282,11.36508211,4.827440646,55.42421411,,
56.15615616,-2.672109599,2.773227913,11.10500287,11.34350567,4.809040961,55.5202546,,
56.25625626,-2.661079894,2.77156211,11.09626292,11.33394729,4.791141276,55.65032324,,
56.35635636,-2.67817181,2.771035446,11.09693321,11.32351102,4.768788798,55.78039188,,
56.45645646,-2.678939375,2.769124591,11.07997384,11.31183343,4.7585045,55.91046052,,
56.55655656,-2.678212456,2.778463844,11.06051039,11.3042916,4.728222342,56.04052915,,
56.65665666,-2.676246297,2.768803096,11.06847639,11.31624977,4.707940184,56.17059779,,
56.75675676,-2.679569428,2.748642348,11.04907,11.31420794,4.69117154,56.30066643,,
56.85685686,-2.684031697,2.748420262,11.05262007,11.31415015,4.667375869,56.43073507,,
56.95695696,-2.687620918,2.758161166,11.04292328,11.32358272,4.667216423,56.56080371,,
57.05705706,-2.683523918,2.74790207,11.05299488,11.3255153,4.637178772,56.74261811,,
57.15715716,-2.683290711,2.749642975,11.06066702,11.34294788,4.659088251,56.92772913,,
57.25725726,-2.694557505,2.749554205,11.07283915,11.35492478,4.624997731,57.11284015,,
57.35735736,-2.692824298,2.749782032,11.05101129,11.38324454,4.62690721,57.29795118,,
57.45745746,-2.684591091,2.747507454,11.05118342,11.38191712,4.62681669,57.4830622,,
57.55755756,-2.674371463,2.731561923,11.01484553,11.37947108,4.594731441,57.66817322,,
57.65765766,-2.694179708,2.723810085,11.00349587,11.37972324,4.608253619,57.85328424,,
57.75775776,-2.693988161,2.72206125,10.97362846,11.36910603,4.58658266,58.03839526,,
57.85785786,-2.703496072,2.721594698,10.96362262,11.35575559,4.58858573,58.22447886,,
57.95795796,-2.691503984,2.699970658,10.97361678,11.37229337,4.598588801,58.44019836,,
58.05805806,-2.713011895,2.690670513,10.98561094,11.37234538,4.598591872,58.65591785,,
58.15815816,-2.693965186,2.709614261,10.97327635,11.37233074,4.59876782,58.87163735,,
58.25825826,-2.701007659,2.711930289,10.98221064,11.36278287,4.593913205,59.08735684,,
58.35835836,-2.68634384,2.699746317,10.99986459,11.370235,4.569398931,59.30307634,,
58.45845846,-2.675611925,2.709562345,10.99332038,11.39168712,4.5697964,59.51879583,,
58.55855856,-2.678236914,2.709378374,10.98286141,11.38213925,4.558037757,59.73451533,,
58.65865866,-2.686358721,2.699010098,10.99240243,11.40154342,4.570279116,59.95023482,,
58.75875876,-2.700190663,2.688697193,10.98965741,11.39346199,4.57840796,60.16730252,,
58.85885886,-2.708291423,2.68865994,10.99208304,11.39145229,4.570447071,60.39402576,,
58.95895896,-2.688892184,2.679122687,11.00200867,11.4009426,4.560486182,60.62074901,,
59.05905906,-2.698492944,2.669085434,11.01143429,11.40343291,4.570525293,60.84747226,,
59.15915916,-2.706666017,2.678627761,10.99524859,11.37232262,4.574577387,61.07419551,,
59.25925926,-2.697364576,2.670770188,11.00040115,11.37191352,4.573242276,61.30091876,,
59.35935936,-2.688102577,2.672780527,10.98861524,11.35936725,4.578956002,61.527642,,
59.45945946,-2.690354903,2.669094933,10.959429,11.35430527,4.561053944,61.75436525,,
59.55955956,-2.68860723,2.690299622,10.95924275,11.34272842,4.559151886,61.9810885,,
59.65965966,-2.678859557,2.678004311,10.9415565,11.34265158,4.539749828,62.18613123,,
59.75975976,-2.671607266,2.670209,10.96087366,11.34257473,4.549345978,62.3110386,,
59.85985986,-2.689273697,2.68741369,10.96825081,11.34249789,4.541910578,62.43594596,,
59.95995996,-2.659824657,2.687118379,10.99971319,11.32292104,4.551930359,62.56085333,,
60.06006006,-2.669774502,2.669570875,10.99866313,11.31340868,4.557074555,62.68576069,,
60.16016016,-2.669724347,2.669942944,11.00928724,11.3325055,4.541891423,62.81066806,,
60.26026026,-2.632674192,2.660315013,11.02682425,11.32548971,4.559871956,62.93557542,,
60.36036036,-2.650124038,2.648687082,11.01736128,11.34269913,4.553852487,63.06048279,,
60.46046046,-2.630617171,2.645185278,11.02686634,11.35229596,4.561349822,63.18539015,,
60.56056056,-2.642576852,2.646124914,11.04689611,11.35239278,4.549834172,63.28129387,,
60.66066066,-2.630476702,2.627235722,11.03947003,11.3619896,4.543795299,63.31154608,,
60.76076076,-2.641876553,2.647267971,11.02704395,11.3709984,4.549756425,63.3417983,,
60.86086086,-2.624776404,2.637259825,11.02806632,11.39524635,4.5519658,63.37205052,,
60.96096096,-2.618057636,2.620250176,11.0076918,11.39337968,4.553678678,63.40230273,,
61.06106106,-2.622576105,2.620224012,11.01726572,11.38946897,4.551639805,63.43255495,,
61.16116116,-2.613126821,2.630197848,11.01022829,11.40146216,4.561159491,63.46280716,,
61.26126126,-2.601232715,2.620171683,10.99765012,11.39145535,4.573700594,63.49305938,,
61.36136136,-2.59133861,2.632205321,11.00007196,11.40146411,4.561241697,63.52331159,,
61.46146146,-2.603444505,2.642278653,10.9979938,11.40348319,4.561782801,63.55703032,,
61.56156156,-2.605550399,2.652287725,11.00741563,11.43048555,4.563823905,63.59589004,,
61.66166166,-2.603656294,2.669296798,10.98783747,11.43998791,4.561365008,63.63474977,,
61.76176176,-2.601109742,2.65930587,10.99700005,11.44949027,4.57486497,63.6736095,,
61.86186186,-2.592624479,2.669314943,10.98951535,11.45949263,4.57330705,63.71246922,,
61.96196196,-2.603904827,2.669324016,10.96815402,11.45949499,4.583961477,63.75132895,,
62.06206206,-2.603985476,2.679336472,10.95109449,11.48149824,4.571492782,63.79018868,,
62.16216216,-2.604066125,2.700853093,10.93853496,11.47900256,4.581524086,63.8290484,,
62.26226226,-2.602146774,2.693544291,10.94847543,11.46175452,4.564055391,63.86790813,,
62.36236236,-2.604269447,2.690832586,10.95038488,11.46498795,4.571603007,63.80469083,,
62.46246246,-2.602381017,2.689926687,10.94780253,11.46798215,4.564146313,63.63890097,,
62.56256256,-2.594918903,2.670617884,10.96977457,11.44770157,4.563661019,63.47311112,,
62.66266266,-2.61281765,2.670800038,10.99297483,11.43074898,4.558447496,63.30732126,,
62.76276276,-2.612494675,2.660476403,11.02671864,11.43279487,4.54419043,63.1415314,,
62.86286286,-2.624032562,2.663152768,11.05819067,11.42084076,4.561705136,62.97574154,,
62.96296296,-2.645366263,2.679673021,11.06581342,11.43505607,4.561640586,62.80995169,,
63.06306306,-2.64312985,2.671027055,11.08548792,11.44043816,4.551548822,62.64416183,,
63.16316316,-2.650547101,2.671214423,11.085549,11.44048692,4.561516702,62.47837197,,
63.26326326,-2.650541207,2.673221041,11.11955335,11.44254022,4.574014414,62.44157395,,
63.36336336,-2.652535313,2.685020897,11.1345577,11.44412238,4.584012126,62.49041776,,
63.46346346,-2.660656045,2.68144688,11.14645745,11.45564148,4.603405234,62.53926158,,
63.56356356,-2.667618522,2.6917107,11.13578521,11.45024617,4.594126781,62.58810539,,
63.66366366,-2.661902282,2.707357121,11.13502496,11.45828075,4.593266412,62.6369492,,
63.76376376,-2.661521878,2.702278161,11.12780575,11.46000912,4.593118756,62.68579302,,
63.86386386,-2.650936545,2.701986989,11.1357378,11.46031807,4.592891556,62.73463683,,
63.96396396,-2.640308723,2.712975097,11.13870121,11.46218955,4.592647864,62.78348064,,
64.06406406,-2.628180901,2.720199117,11.12666462,11.45998294,4.602404171,62.83232446,,
64.16416416,-2.608390631,2.721405118,11.13887888,11.44977632,4.592291502,62.87900945,,
64.26426426,-2.600730841,2.709111119,11.15849682,11.4690697,4.590229478,62.92475482,,
64.36436436,-2.60683982,2.72730207,11.14735401,11.48835917,4.582167455,62.9705002,,
64.46446446,-2.584365285,2.719483698,11.14071245,11.48814621,4.590141587,63.01624557,,
64.56456456,-2.590570308,2.716356965,11.1289498,11.49598312,4.573387335,63.06199095,,
64.66466466,-2.577829887,2.726243726,11.11974771,11.49595365,4.560097547,63.10773633,,
64.76476476,-2.582262721,2.750130486,11.13460963,11.48842419,4.56299975,63.1534817,,
64.86486486,-2.561005816,2.747517247,11.16553068,11.50739472,4.571329101,63.19922708,,
64.96496496,-2.557702365,2.735904008,11.18068497,11.48786525,4.590741534,63.24497245,,
65.06506507,-2.563116632,2.745305855,11.16924666,11.46883971,4.562660475,63.18561553,,
65.16516517,-2.540277244,2.745219863,11.16622187,11.43931733,4.572695619,63.098756,,
65.26526527,-2.547528985,2.74519368,11.17231299,11.4369857,4.550002606,63.01189646,,
65.36536537,-2.567390903,2.750890086,11.17919329,11.42730563,4.547240138,62.92503692,,
65.46546547,-2.574998229,2.764656062,11.18815427,11.42525118,4.543570276,62.83817739,,
65.56556557,-2.581421369,2.754637253,11.18157071,11.42120124,4.549413927,62.75131785,,
65.66566567,-2.603602268,2.754618444,11.17531998,11.44307022,4.563085406,62.66445831,,
65.76576577,-2.6177166,2.764695277,11.17150869,11.42931094,4.537317445,62.57759878,,
65.86586587,-2.617063891,2.760266071,11.1808189,11.42938914,4.527666476,62.49073924,,
65.96596597,-2.623642233,2.783250152,11.18973017,11.43945181,4.523550852,62.28543348,,
66.06606607,-2.616311469,2.775734233,11.19571185,11.47798746,4.503931068,62.06585044,,
66.16616617,-2.621218442,2.795218314,11.21172155,11.44957715,4.505258231,61.8462674,,
66.26626627,-2.610222012,2.815459151,11.20176578,11.45913982,4.495800609,61.62668435,,
66.36636637,-2.596765123,2.815199989,11.2016824,11.46870249,4.491732377,61.40710131,,
66.46646647,-2.609644038,2.805379675,11.21231569,11.45924926,4.476675279,61.18751827,,
66.56656657,-2.60113279,2.817649523,11.2156125,11.45918936,4.469234264,60.96793522,,
66.66666667,-2.586336095,2.836906438,11.22242683,11.46162611,4.462412857,60.74835218,,
66.76676677,-2.573383743,2.834163352,11.22852143,11.45656285,4.458924781,60.52876914,,
66.86686687,-2.572367828,2.821187034,11.23355547,11.47461971,4.472097367,60.2576382,,
66.96696697,-2.554468531,2.834177182,11.24403196,11.47104895,4.475131815,59.98631257,,
67.06706707,-2.532929592,2.834324487,11.268558,11.48611332,4.452006103,59.71498695,,
67.16716717,-2.56894049,2.862703075,11.25019893,11.50731297,4.456304251,59.44366132,,
67.26726727,-2.557031449,2.891743161,11.24013179,11.50719328,4.446339558,59.1723357,,
67.36736737,-2.559622407,2.911283247,11.25006466,11.53407361,4.428374863,58.90101007,,
67.46746747,-2.567904056,2.932323333,11.22690643,11.55595392,4.418191951,58.62968445,,
67.56756757,-2.558277297,2.922363419,11.20843037,11.57733425,4.406607638,58.35835883,,
67.66766767,-2.559789177,2.938903505,11.20983271,11.59421457,4.397313615,58.08829501,,
67.76776777,-2.558443413,2.918943591,11.19043334,11.60359488,4.356631885,57.82938924,,
67.86786787,-2.579510068,2.940672203,11.16538021,11.62302427,4.346654059,57.57048347,,
67.96796797,-2.578690592,2.948951291,11.15123667,11.63259689,4.331042505,57.3115777,,
68.06806807,-2.580538284,2.931311873,11.16051956,11.63069072,4.308924444,57.05267194,,
68.16816817,-2.617332422,2.959172454,11.16030245,11.64278455,4.297038615,56.79376617,,
68.26826827,-2.59812656,2.949533035,11.16758534,11.64287839,4.287152786,56.5348604,,
68.36836837,-2.60043157,2.943652876,11.1673602,11.65319794,4.277271177,56.27595463,,
68.46846847,-2.620237664,2.944732049,11.15013426,11.65678866,4.259389989,56.01704886,,
68.56856857,-2.639948486,2.969995133,11.14997865,11.67167779,4.247471821,55.74524099,,
68.66866867,-2.628155911,2.970136226,11.13982554,11.67216546,4.259552334,55.42388037,,
68.76876877,-2.644651624,2.962742603,11.11888715,11.69169314,4.244813027,55.10251975,,
68.86886887,-2.629411601,2.962848979,11.09886018,11.69444605,4.232038185,54.78115914,,
68.96896897,-2.620339365,2.942054455,11.0815592,11.6986494,4.247429465,54.45979852,,
69.06906907,-2.619384848,2.941653916,11.08226375,11.69230017,4.251558964,54.1384379,,
69.16916917,-2.620327032,2.942190485,11.10254455,11.7309398,4.258648368,53.81707729,,
69.26926927,-2.568557931,2.942727053,11.11348131,11.73857943,4.256155759,53.49571667,,
69.36936937,-2.586788831,2.943344889,11.11441807,11.7797402,4.245663151,53.17435605,,
69.46946947,-2.55651973,2.963490918,11.13435483,11.83840831,4.239670543,52.84477328,,
69.56956957,-2.565926714,2.983636946,11.14479255,11.86557643,4.229440361,52.49718065,,
69.66966967,-2.553420589,3.006282974,11.12366613,11.89474454,4.233370032,52.14958803,,
69.76976977,-2.564414464,3.02363776,11.10403972,11.93383686,4.227047451,51.80199541,,
69.86986987,-2.554553222,3.033828276,11.10430636,11.96036441,4.208907233,51.45440279,,
69.96996997,-2.554342754,3.043739513,11.10646171,11.98443601,4.206825539,51.10681017,,
70.07007007,-2.561632286,3.065508949,11.10461706,12.00732939,4.226743845,50.75921754,,
70.17017017,-2.582980963,3.074208593,11.10722875,12.02361551,4.216685108,50.41162492,,
70.27027027,-2.582831833,3.074609938,11.11683883,12.01371995,4.226627222,50.0640323,,
70.37037037,-2.571182702,3.055117096,11.08994891,12.02385192,4.228569336,49.74346948,,
70.47047047,-2.59308112,3.036428816,11.0798768,12.02406315,4.215604544,49.46006799,,
70.57057057,-2.601517676,3.037240536,11.07656724,12.02427438,4.223643578,49.1766665,,
70.67067067,-2.590563345,3.038052257,11.0886442,12.01498561,4.215940774,48.89326501,,
70.77077077,-2.599474218,3.019449463,11.09907906,12.01521908,4.225212101,48.60986352,,
70.87087087,-2.577915669,3.010974533,11.09949133,12.00548583,4.247495298,48.32646203,,
70.97097097,-2.598857121,3.011499603,11.10990361,11.98425257,4.247278494,48.04306054,,
71.07107107,-2.576798573,3.004998955,11.11031589,12.00401263,4.254561691,47.75965905,,
71.17117117,-2.59576567,3.005994677,11.11070924,12.00627173,4.272354841,47.47625756,,
71.27127127,-2.575826054,3.006990399,11.10103373,12.01653084,4.276184203,47.12921151,,
71.37137137,-2.575425548,2.999073207,11.07416119,12.02683049,4.275918133,46.72499728,,
71.47147147,-2.56502749,3.002734736,11.08175681,12.04930578,4.273676038,46.32078305,,
71.57157157,-2.555629433,3.004171787,11.07041699,12.06571928,4.315719728,45.91656882,,
71.67167167,-2.556731376,2.988095466,11.09271081,12.08887725,4.32556522,45.51235458,,
71.77177177,-2.563833319,2.973253321,11.11200463,12.09525268,4.327910713,45.10814035,,
71.87187187,-2.544296932,2.952375141,11.12990055,12.11493442,4.325202511,44.70392612,,
71.97197197,-2.52413072,2.952082546,11.1498923,12.10561616,4.334943917,44.29971189,,
72.07207207,-2.495964506,2.935280943,11.18238405,12.13479789,4.344685323,43.89549766,,
72.17217217,-2.483798293,2.924011809,11.1928758,12.14248808,4.332426729,43.54838087,,
72.27227227,-2.49263208,2.915761265,11.22759878,12.15481322,4.371321288,43.2339226,,
72.37237237,-2.494691093,2.907086291,11.22309954,12.17215802,4.374149781,42.91946433,,
72.47247247,-2.472299654,2.9279179,11.24285105,12.19450453,4.373650947,42.60500606,,
72.57257257,-2.483576051,2.919749508,11.23151609,12.23335105,4.351564154,42.29054779,,
72.67267267,-2.464005477,2.930581117,11.25306818,12.26269756,4.36153676,41.97608953,,
72.77277277,-2.444934904,2.936412726,11.27312028,12.33154408,4.393509367,41.66163126,,
72.87287287,-2.442364331,2.923244336,11.29217237,12.38039059,4.399481974,41.34717299,,
72.97297297,-2.446293758,2.914594972,11.29272446,12.42729425,4.41545458,41.03271472,,
73.07307307,-2.425223184,2.916731837,11.28277655,12.456668,4.403427187,40.82586916,,
73.17317317,-2.410540169,2.920720054,11.28858709,12.48855527,4.414367884,40.65628683,,
73.27327327,-2.402264642,2.917105579,11.31085314,12.49711521,4.402861046,40.4867045,,
73.37337337,-2.391719346,2.924549839,11.32362471,12.51353951,4.400455309,40.31712217,,
73.47347347,-2.38067405,2.942044562,11.32439627,12.52821707,4.432049572,40.14753984,,
73.57357357,-2.372128754,2.933672919,11.29566783,12.53860434,4.431643835,39.97795751,,
73.67367367,-2.35108331,2.926442377,11.2964395,12.5291949,4.40123804,39.80837518,,
73.77377377,-2.350036025,2.919256002,11.27771253,12.52979696,4.370831531,39.63879285,,
73.87387387,-2.337330359,2.901569627,11.26860246,12.50889901,4.390363545,39.46921052,,
73.97397397,-2.336110808,2.883883252,11.2508174,12.51200107,4.378413339,39.23434437,,
74.07407407,-2.299260627,2.876696877,11.2435879,12.52210313,4.3675302,38.98751248,,
74.17417417,-2.293392427,2.840010502,11.24324728,12.52270518,4.348446861,38.74068058,,
74.27427427,-2.27274645,2.793365494,11.25396222,12.523318,4.357807967,38.49384869,,
74.37437437,-2.272684897,2.768526428,11.27498391,12.50857195,4.367007764,38.2470168,,
74.47447447,-2.251111757,2.746725665,11.28651415,12.48593086,4.356203064,38.00018491,,
74.57457457,-2.246256345,2.724312289,11.30825274,12.49427627,4.385288799,37.75335301,,
74.67467467,-2.224733256,2.708061075,11.3171151,12.5011487,4.386309448,37.50652112,,
74.77477477,-2.212210167,2.696904456,11.31897746,12.5317869,4.397330099,37.25968923,,
74.87487487,-2.198036497,2.688003694,11.30526485,12.52183959,4.382932176,36.89639735,,
74.97497497,-2.178570188,2.678943073,11.32240917,12.48007648,4.359792434,36.52694088,,
75.07507508,-2.165399173,2.662777474,11.32761203,12.4623211,4.354104143,36.15748439,,
75.17517518,-2.135014446,2.637362634,11.31024133,12.45325404,4.338984421,35.78802793,,
75.27527528,-2.115185563,2.611447793,11.3123294,12.39618697,4.347886375,35.40218632,,
75.37537538,-2.098357236,2.578032953,11.30441706,12.35811991,4.356788545,34.87017539,,
75.47547548,-2.085804557,2.540118113,11.30880127,12.31055285,4.345797709,34.33816446,,
75.57557558,-2.077610478,2.494906696,11.29681359,12.27253873,4.327528299,33.80615353,,
75.67567568,-2.035916401,2.471317107,11.2858259,12.2445563,4.317758889,33.17646927,,
75.77577578,-2.025722323,2.44408835,11.26696385,12.25566777,4.309363854,32.53194842,,
75.87587588,-2.007375431,2.409185269,11.24946333,12.268364,4.314660754,31.88742757,,
75.97597598,-1.974674683,2.388782188,11.25071871,12.26756021,4.304000599,31.31406188,,
76.07607608,-1.982384702,2.340379107,11.29153994,12.25925644,4.30330581,30.86015472,,
76.17617618,-1.977479063,2.297605653,11.31516092,12.27948638,4.25190166,30.40624756,,
76.27627628,-1.962573425,2.255737047,11.3182819,12.28506265,4.239997511,29.9523404,,
76.37637638,-1.950167787,2.228866439,11.35340289,12.28115943,4.230093362,29.49380071,,
76.47647648,-1.914262148,2.201203473,11.35502387,12.28358071,4.218189213,29.0321392,,
76.57657658,-1.910405172,2.163376108,11.34867373,12.28728165,4.228030127,28.57047769,,
76.67667668,-1.864278587,2.122912607,11.31368138,12.2969826,4.196014091,28.10881619,,
76.77677678,-1.850159798,2.075949105,11.28001664,12.29868354,4.163356768,27.62767433,,
76.87687688,-1.840041008,2.046047537,11.26503308,12.2715307,4.118981728,27.10035494,,
76.97697698,-1.818422219,1.99223565,11.22254953,12.26090121,4.071106688,26.57303555,,
77.07707708,-1.802803429,1.960423763,11.19506597,12.27477172,4.014231648,26.04571616,,
77.17717718,-1.79418464,1.930138451,11.15108242,12.27664914,3.931856608,25.63797422,,
77.27727728,-1.778049361,1.905160299,11.10648009,12.2704987,3.89978109,25.34177244,,
77.37737738,-1.743395384,1.867001967,11.1031297,12.28010952,3.834310159,25.04557065,,
77.47747748,-1.743272938,1.827845948,11.06140543,12.29701448,3.790843732,24.74936886,,
77.57757758,-1.723584425,1.797477917,11.00642891,12.30669264,3.751368296,24.45316708,,
77.67767768,-1.708933451,1.771019795,10.95357852,12.33779422,3.686397364,24.15696529,,
77.77777778,-1.702779473,1.770096209,10.90022813,12.33815256,3.655426433,23.86076351,,
77.87787788,-1.675955821,1.753738156,10.82750298,12.37109205,3.602389641,23.56456172,,
77.97797798,-1.654203882,1.741325702,10.76657021,12.36845944,3.538410298,23.26835994,,
78.07807808,-1.645451942,1.74239473,10.67813744,12.39167116,3.496430954,22.97215815,,
78.17817818,-1.635200003,1.704921653,10.63470468,12.40415028,3.450451611,22.79712663,,
78.27827828,-1.615448064,1.675069463,10.57327191,12.34866085,3.388472266,22.64960822,,
78.37837838,-1.595196125,1.643217273,10.48327157,12.35817143,3.343411842,22.50208981,,
78.47847848,-1.584223214,1.604365083,10.38707535,12.304682,3.301915253,22.35457141,,
78.57857858,-1.571007726,1.586512893,10.30608606,12.27769257,3.246186302,22.207053,,
78.67867868,-1.557672281,1.555279721,10.23592931,12.25186423,3.197010079,22.05953459,,
78.77877878,-1.543836835,1.55679526,10.14977256,12.21523072,3.183833856,21.91201618,,
78.87887888,-1.531001389,1.568384575,10.04211582,12.18724651,3.120657634,21.76449777,,
78.97897898,-1.538665944,1.599473891,9.961459066,12.18276231,3.075481411,21.61697936,,
79.07907908,-1.554393719,1.630563207,9.883124716,12.15677811,3.05813565,21.46472124,,
79.17917918,-1.529231414,1.646152523,9.786816422,12.1497939,3.022250322,21.31203188,,
79.27927928,-1.531484734,1.663813911,9.672969528,12.14124213,2.958245921,21.15934252,,
79.37937938,-1.525020676,1.670137336,9.567199225,12.11905494,2.921665323,21.00665316,,
79.47947948,-1.5364395,1.688105183,9.473807303,12.08820678,2.855035175,20.8539638,,
79.57957958,-1.560358324,1.697397223,9.39391538,12.06664935,2.776405028,20.70127444,,
79.67967968,-1.562689075,1.712384458,9.283588464,12.03141925,2.727740694,20.54858508,,
79.77977978,-1.56246865,1.686871692,9.165168389,11.96718916,2.692862419,20.39589572,,
79.87987988,-1.581748225,1.660358928,9.072748309,11.93445905,2.626484143,20.24423427,,
79.97997998,-1.595661325,1.645846162,8.969860613,11.83922896,2.549851774,20.14738152,,
80.08008008,-1.579873068,1.613397792,8.879590873,11.76451561,2.481497224,20.05052877,,
80.18018018,-1.608579306,1.58537314,8.768407215,11.64869651,2.416013545,19.95367602,,
80.28028028,-1.632271061,1.532636776,8.672293152,11.57865669,2.349904375,19.85682327,,
80.38038038,-1.634934284,1.48581933,8.609828021,11.46932859,2.312786859,19.75997053,,
80.48048048,-1.616597507,1.453434317,8.515862891,11.36522571,2.267669343,19.66311778,,
80.58058058,-1.625169626,1.40790516,8.429465006,11.29667688,2.200516465,19.56626503,,
80.68068068,-1.614017727,1.396136232,8.364732475,11.22621323,2.193276633,19.46941228,,
80.78078078,-1.607365828,1.361978185,8.252999945,11.13109964,2.134536801,19.39007513,,
80.88088088,-1.608466204,1.341408419,8.159081204,11.03955519,2.09939489,19.44098453,,
80.98098098,-1.613790839,1.320139953,8.039859567,10.98848972,2.046263839,19.49189393,,
81.08108108,-1.646499859,1.280455072,7.906160452,10.93753837,1.99990556,19.54280334,,
81.18118118,-1.642084253,1.271127547,7.76548386,10.87579272,1.958674408,19.59371274,,
81.28128128,-1.6344031,1.245664888,7.682534796,10.802466,1.921811375,19.64462214,,
81.38138138,-1.657782193,1.203893245,7.588041263,10.74581908,1.885471729,19.69553155,,
81.48148148,-1.680846285,1.160020128,7.500780239,10.63694151,1.838509812,19.74644095,,
81.58158158,-1.679091072,1.131374952,7.397493032,10.54155221,1.791035801,19.79735035,,
81.68168168,-1.698335858,1.129377924,7.314205824,10.50773698,1.783061789,19.84162124,,
81.78178178,-1.708580645,1.118380897,7.182918615,10.47342176,1.726087777,19.86154379,,
81.88188188,-1.732930536,1.059883869,7.041528805,10.39260653,1.658182835,19.88146633,,
81.98198198,-1.746957138,1.026557156,6.883414837,10.29083562,1.582994691,19.90138888,,
82.08208208,-1.74523024,0.96730074,6.796964875,10.19821312,1.543162453,19.92131142,,
82.18218218,-1.752923872,0.897549311,6.69421734,10.09059191,1.4979636,19.94123397,,
82.28228228,-1.764553939,0.829809047,6.592484818,9.974973612,1.439105087,19.96115651,,
82.38238238,-1.781715537,0.765316531,6.490246791,9.865886844,1.382917245,19.98107906,,
82.48248248,-1.803181941,0.715413103,6.407057814,9.750209481,1.33443711,20.0010016,,
82.58258258,-1.801801132,0.651227894,6.33340386,9.630837928,1.270479285,19.99308508,,
82.68268268,-1.80491238,0.601771477,6.242990503,9.50874072,1.220412735,19.92345366,,
82.78278278,-1.812071903,0.555119676,6.131329897,9.367905661,1.172215414,19.85382225,,
82.88288288,-1.814522717,0.501967571,6.020627749,9.266570524,1.122000075,19.78419083,,
82.98298298,-1.822827886,0.445305918,5.94508576,9.144732902,1.08607903,19.71455942,,
83.08308308,-1.836866789,0.403923545,5.859524253,9.021084469,1.056466295,19.64492801,,
83.18318318,-1.849670956,0.385158289,5.796431214,8.94499009,1.079239945,19.57529659,,
83.28328328,-1.890766457,0.362695639,5.721445469,8.850252463,1.034012654,19.50566518,,
83.38338338,-1.900260637,0.344031042,5.647831753,8.775278907,1.022787977,19.43603376,,
83.48348348,-1.891432994,0.315406986,5.550465285,8.711390936,1.008370108,19.39112892,,
83.58358358,-1.916839586,0.279994642,5.441647865,8.652822785,0.978712998,19.38178015,,
83.68368368,-1.944236669,0.268814974,5.317789905,8.617385696,0.932809643,19.37243139,,
83.78378378,-1.970106224,0.231635066,5.229574587,8.564043324,0.893783164,19.36308262,,
83.88388388,-1.953613268,0.17323794,5.176495832,8.487127378,0.868561967,19.35373386,,
83.98398398,-1.970700213,0.114155273,5.111199402,8.437773136,0.836406115,19.34438509,,
84.08408408,-1.973870591,0.050008015,5.028896895,8.389728367,0.814599564,19.33503633,,
84.18418418,-1.981324753,-0.011359964,4.946041835,8.294143058,0.775353573,19.32568756,,
84.28428428,-1.991686822,-0.102481697,4.857190779,8.136820511,0.734367343,19.3163388,,
84.38438438,-1.987480823,-0.165329195,4.774369253,8.023580396,0.676682913,19.2352686,,
84.48448448,-2.003158179,-0.254426285,4.704622239,7.921519797,0.658783395,19.08464766,,
84.58458458,-2.021303872,-0.299672227,4.611133189,7.820550573,0.634569369,18.93402671,,
84.68468468,-2.015544317,-0.347081404,4.501670468,7.717168985,0.626980562,18.78340576,,
84.78478478,-2.020382359,-0.396490581,4.401076616,7.617787395,0.620576939,18.63278481,,
84.88488488,-1.999281462,-0.413899758,4.304430713,7.553405806,0.597144287,18.48216387,,
84.98498498,-2.016475861,-0.431308934,4.237297322,7.513024217,0.579151076,18.33154292,,
85.08508509,-2.041632934,-0.434828707,4.182477325,7.44074396,0.562843394,18.18092195,,
85.18518519,-2.030961742,-0.434115076,4.139933235,7.366524439,0.532553805,18.03030101,,
85.28528529,-2.049402385,-0.442911998,4.095405059,7.277432284,0.526364547,17.83660191,,
85.38538539,-2.071566096,-0.450783806,4.014078701,7.226098152,0.501433371,17.6152944,,
85.48548549,-2.105561639,-0.462210668,3.91246055,7.172265524,0.481126819,17.39398688,,
85.58558559,-2.102558683,-0.470881774,3.865670728,7.124375837,0.480201648,17.17267937,,
85.68568569,-2.116864982,-0.477464792,3.79555263,7.056598763,0.471651003,16.95137186,,
85.78578579,-2.103542975,-0.513278787,3.767043634,6.957132276,0.46400296,16.73006434,,
85.88588589,-2.11039314,-0.549974147,3.726738341,6.864326771,0.444434998,16.50875683,,
85.98598599,-2.114146699,-0.613949518,3.68487342,6.764171935,0.43063546,16.28744932,,
86.08608609,-2.115482367,-0.697087051,3.626816955,6.660309891,0.424673716,16.0661418,,
86.18618619,-2.121318036,-0.798954314,3.558260489,6.558348749,0.412711972,15.91000648,,
86.28628629,-2.100950001,-0.898817072,3.473857773,6.437175894,0.405182871,15.78006791,,
86.38638639,-2.098532582,-1.0244501,3.397032221,6.348417454,0.406163798,15.65012935,,
86.48648649,-2.106796844,-1.086694628,3.344183145,6.208355778,0.377144726,15.52019079,,
86.58658659,-2.095061107,-1.155328813,3.272834069,6.082081916,0.368125652,15.39025223,,
86.68668669,-2.061618219,-1.152746783,3.211637897,6.020348594,0.351026173,15.26031367,,
86.78678679,-2.084664628,-1.097664752,3.162949624,5.980115273,0.30792254,15.1303751,,
86.88688689,-2.09818185,-1.006582721,3.109651959,6.013381951,0.300613499,15.00043654,,
86.98698699,-2.10947233,-0.916376066,3.050781084,6.033258739,0.234499094,14.87049798,,
87.08708709,-2.102666713,-0.833055297,3.014884683,6.052325217,0.228494798,14.75880431,,
87.18718719,-2.120960697,-0.736665288,2.957004798,6.073580432,0.1986867,14.65126841,,
87.28728729,-2.145537358,-0.602267073,2.871783826,6.050835752,0.185531565,14.5437325,,
87.38738739,-2.173860362,-0.540028518,2.827902428,6.047403383,0.178115244,14.43619659,,
87.48748749,-2.174771025,-0.534289963,2.807697989,5.978471014,0.155007062,14.32866069,,
87.58758759,-2.188349777,-0.566051408,2.785985844,5.924538646,0.158675373,14.22112478,,
87.68768769,-2.186428528,-0.621312854,2.766273699,5.793106278,0.154824902,14.11358887,,
87.78778779,-2.201507279,-0.713943566,2.751561554,5.62470793,0.142842236,14.00605297,,
87.88788789,-2.20758603,-0.793328833,2.715834394,5.437003562,0.144744844,13.89851706,,
87.98798799,-2.222808614,-0.871745355,2.691527458,5.260181394,0.145815408,13.64208367,,
88.08808809,-2.229964337,-0.924661878,2.690681035,5.123359227,0.154957628,13.37179304,,
88.18818819,-2.209888865,-0.987578401,2.679330718,5.00253706,0.153605186,13.10150242,,
88.28828829,-2.202999078,-0.861994923,2.67130973,4.950714892,0.129221924,12.83121179,,
88.38838839,-2.176609292,-0.844411446,2.619788743,4.919392724,0.106191593,12.56092116,,
88.48848849,-2.169219506,-0.777681968,2.600267755,4.908978438,0.081720659,12.29063053,,
88.58858859,-2.170329719,-0.730488592,2.567827514,4.896554757,0.047656878,12.0203399,,
88.68868869,-2.166869683,-0.702958299,2.524078537,4.88421875,0.057070901,11.75004927,,
88.78878879,-2.200232475,-0.653928007,2.501336703,4.833382743,0.047961818,11.47713185,,
88.88888889,-2.229247307,-0.647897714,2.489598373,4.789880069,0.0310189,11.0767161,,
88.98898899,-2.247228223,-0.62036742,2.457190873,4.739071088,0.026320228,10.67630034,,
89.08908909,-2.289604535,-0.589541436,2.417649239,4.679786926,0.006510444,10.27588459,,
89.18918919,-2.310398765,-0.565596051,2.377856354,4.638080051,0.00643039,9.875468837,,
89.28928929,-2.334519915,-0.537895339,2.319992977,4.567801104,-0.005312878,9.475053084,,
89.38938939,-2.344995015,-0.564437115,2.231702657,4.488322423,-0.023414579,9.074637331,,
89.48948949,-2.350470114,-0.629477715,2.142912338,4.348722799,-0.02351628,8.674221578,,
89.58958959,-2.346469737,-0.699766062,2.066476374,4.188933985,-0.031998362,8.273805824,,
89.68968969,-2.323920312,-0.77955441,1.9778317,4.072145171,-0.013719683,7.887684528,,
89.78978979,-2.297395412,-0.877272175,1.90654138,3.933504836,-0.033821384,7.59772714,,
89.88988989,-2.264062096,-0.929410693,1.857109647,3.802885122,-0.03384872,7.307769751,,
89.98998999,-2.247901915,-0.927205867,1.790919182,3.681058202,-0.032002931,7.017812363,,
90.09009009,-2.230411909,-0.921095565,1.761841232,3.561993484,-0.034479242,6.727854975,,
90.19019019,-2.214921903,-0.924527784,1.742263283,3.473379485,-0.062955554,6.437897586,,
90.29029029,-2.226931898,-0.939293836,1.711185334,3.356971193,-0.065431866,6.147940198,,
90.39039039,-2.257465916,-0.951638317,1.66163291,3.247927994,-0.104568838,5.85798281,,
90.49049049,-2.279572086,-0.933985094,1.610419466,3.159754087,-0.120595914,5.568025421,,
90.59059059,-2.326298985,-0.915331872,1.577047978,3.078080179,-0.13570034,5.286755424,,
90.69069069,-2.384930363,-0.897178649,1.539356685,2.978406272,-0.178905847,5.033714237,,
90.79079079,-2.433908485,-0.889250622,1.492278516,2.919543653,-0.21017084,4.78067305,,
90.89089089,-2.443386607,-0.891654062,1.434700346,2.839094779,-0.211435834,4.527631863,,
90.99099099,-2.482864728,-0.862057502,1.407622177,2.748645905,-0.232700827,4.274590676,,
91.09109109,-2.528855124,-0.836534078,1.402034948,2.639438221,-0.245961057,4.021549489,,
91.19119119,-2.550855736,-0.825931809,1.371940177,2.541751055,-0.27721732,3.768508302,,
91.29129129,-2.57007695,-0.843545755,1.331248114,2.437428753,-0.278725349,3.515467115,,
91.39139139,-2.536887206,-0.877966009,1.302074439,2.371777623,-0.298428666,3.262425928,,
91.49149149,-2.550288053,-0.887834806,1.290445308,2.307667904,-0.309401251,2.965833951,,
91.59159159,-2.499276489,-0.911026731,1.28272859,2.279322223,-0.332856319,2.584754331,,
91.69169169,-2.513978977,-0.93704794,1.239419509,2.236911277,-0.331867834,2.203674712,,
91.79179179,-2.508851159,-0.974283598,1.179830154,2.164645249,-0.350310727,1.822595092,,
91.89189189,-2.507976093,-0.977957194,1.182750809,2.07559744,-0.354100967,1.441515473,,
91.99199199,-2.525896407,-1.019567727,1.146822499,1.973594676,-0.375970632,1.060435853,,
92.09209209,-2.543202368,-1.03967826,1.110847661,1.893091911,-0.392078761,0.679356233,,
92.19219219,-2.569840161,-1.073385632,1.049255704,1.805194058,-0.40018689,0.298276614,,
92.29229229,-2.613463217,-1.10444763,0.982967716,1.771464146,-0.414897789,-0.082803006,,
92.39239239,-2.637707914,-1.126154963,0.935882183,1.729566303,-0.425592811,-0.491124899,,
92.49249249,-2.617885044,-1.118362296,0.896895247,1.67666846,-0.467168714,-0.932906981,,
92.59259259,-2.634562174,-1.14956963,0.850408312,1.649270617,-0.488744617,-1.374689063,,
92.69269269,-2.636645971,-1.132276963,0.823621204,1.587872774,-0.49016267,-1.816471145,,
92.79279279,-2.616986892,-1.144484297,0.795644306,1.555974931,-0.511480918,-2.258253227,,
92.89289289,-2.603885225,-1.146643832,0.759363158,1.524459415,-0.523165038,-2.700035309,,
92.99299299,-2.60265695,-1.171247268,0.732544526,1.460843457,-0.545092378,-3.14181739,,
93.09309309,-2.610928675,-1.187085275,0.69712229,1.418431492,-0.556004703,-3.583599472,,
93.19319319,-2.6092004,-1.21092328,0.640907261,1.37606207,-0.568947058,-4.077725935,,
93.29329329,-2.598472126,-1.238820345,0.615088629,1.352634589,-0.570874399,-4.661986235,,
93.39339339,-2.616186095,-1.273844037,0.617943565,1.311743645,-0.57063008,-5.246246534,,
93.49349349,-2.605962834,-1.299867729,0.619883104,1.250352701,-0.602167318,-5.830506834,,
93.59359359,-2.607500575,-1.335747819,0.590629992,1.225369014,-0.607603248,-6.414767134,,
93.69369369,-2.614695974,-1.372592324,0.535512014,1.194004254,-0.627039178,-6.999027433,,
93.79379379,-2.615076057,-1.390436828,0.508623767,1.168639495,-0.657975107,-7.626133269,,
93.89389389,-2.607232917,-1.417281332,0.508714998,1.154774735,-0.658751377,-8.348944494,,
93.99399399,-2.619349662,-1.435125837,0.45144771,1.121409975,-0.6841714,-9.071755719,,
94.09409409,-2.634407124,-1.472470341,0.396965506,1.068545215,-0.690310184,-9.794566944,,
94.19419419,-2.647290132,-1.501220251,0.358719415,1.045775049,-0.712223942,-10.51737817,,
94.29429429,-2.677173139,-1.544368505,0.298973325,0.9913632,-0.739137699,-11.24018939,,
94.39439439,-2.705556147,-1.544848857,0.270727235,0.944323302,-0.752051456,-11.78487439,,
94.49449449,-2.706439155,-1.563218028,0.215481145,0.912338073,-0.772965214,-12.23681514,,
94.59459459,-2.717322163,-1.574582694,0.185235055,0.880060052,-0.803878971,-12.68875588,,
94.69469469,-2.746792951,-1.566513926,0.157686045,0.855368117,-0.784370501,-13.14069663,,
94.79479479,-2.747549924,-1.576737952,0.131352763,0.810700706,-0.822993391,-13.59263737,,
94.89489489,-2.779465556,-1.605965057,0.089680642,0.787340138,-0.834699363,-14.04457812,,
94.99499499,-2.796186994,-1.588733365,0.08670722,0.772324207,-0.836881813,-14.49651886,,
95.0950951,-2.816985009,-1.612361271,0.067047612,0.757324366,-0.855052251,-14.94845965,,
95.1951952,-2.829783023,-1.626754639,0.056888003,0.741755447,-0.857222688,-15.181019,,
95.2952953,-2.840556551,-1.641148006,0.059329914,0.735686528,-0.857261174,-15.40922456,,
95.3953954,-2.822482854,-1.675041373,0.071159057,0.718617609,-0.868740358,-15.63743013,,
95.4954955,-2.828636983,-1.69143474,0.073320035,0.716048689,-0.852131111,-15.8656357,,
95.5955956,-2.810291112,-1.684517123,0.087481014,0.686800473,-0.849521865,-16.09384127,,
95.6956957,-2.817843138,-1.700207859,0.09458944,0.663524061,-0.852912618,-16.32204683,,
95.7957958,-2.812099369,-1.69613158,0.099759427,0.66505691,-0.844303371,-16.5502524,,
95.8958959,-2.797345335,-1.702549745,0.098229274,0.623961094,-0.834941391,-16.77845797,,
95.995996,-2.771656077,-1.728967909,0.109655255,0.596365277,-0.800501646,-16.99514181,,
96.0960961,-2.758716711,-1.725386073,0.114742102,0.5787079,-0.810435293,-17.08717016,,
96.1961962,-2.757777344,-1.727637091,0.139328949,0.582234524,-0.78836894,-17.17919851,,
96.2962963,-2.747337977,-1.723856574,0.156915797,0.549327371,-0.764302587,-17.27122686,,
96.3963964,-2.718898611,-1.718563044,0.162002644,0.560221519,-0.774236234,-17.36325521,,
96.4964965,-2.694294239,-1.697994475,0.14918754,0.534101806,-0.763010238,-17.45528356,,
96.5965966,-2.683867272,-1.707157513,0.149697884,0.534791713,-0.725866202,-17.5473119,,
96.6966967,-2.639986096,-1.696820551,0.111761639,0.549481619,-0.710402753,-17.63934025,,
96.7967968,-2.614089323,-1.695983589,0.114971729,0.550171526,-0.725349479,-17.7313686,,
96.8968969,-2.585817175,-1.675700855,0.114801439,0.543477432,-0.702296205,-17.8489588,,
96.996997,-2.566795778,-1.694372775,0.102391909,0.518795139,-0.69924293,-18.07946379,,
97.0970971,-2.521756296,-1.673544695,0.124231083,0.520112846,-0.675468739,-18.30996878,,
97.1971972,-2.496214236,-1.684882304,0.117703097,0.51477608,-0.693501471,-18.54047377,,
97.2972973,-2.492672175,-1.686841193,0.109675111,0.473237722,-0.685534203,-18.77097876,,
97.3973974,-2.46716542,-1.688678461,0.109454081,0.465649815,-0.715239194,-19.00148376,,
97.4974975,-2.433555676,-1.700350856,0.114154671,0.453353179,-0.710505933,-19.23198875,,
97.5975976,-2.406004992,-1.693341304,0.10238329,0.446621109,-0.703260159,-19.46249374,,
97.6976977,-2.35987452,-1.693438359,0.136158689,0.451847998,-0.711715363,-19.69299873,,
97.7977978,-2.37409063,-1.676334213,0.166416394,0.447788601,-0.710424196,-19.96252659,,
97.8978979,-2.30780674,-1.67593199,0.1791741,0.442939504,-0.697133027,-20.3281851,,
97.997998,-2.281022849,-1.674458633,0.201931805,0.454904681,-0.69184186,-20.6938436,,
98.0980981,-2.273701072,-1.655016276,0.185717475,0.457361792,-0.688565398,-21.05950211,,
98.1981982,-2.255875622,-1.635757309,0.198505857,0.461771181,-0.715290362,-21.42516061,,
98.2982983,-2.221238134,-1.596998341,0.190580841,0.471680569,-0.741892667,-21.79081912,,
98.3983984,-2.180260135,-1.597739374,0.211031584,0.465089958,-0.719163225,-22.15647763,,
98.4984985,-2.122996849,-1.588480407,0.251870216,0.480499346,-0.725098447,-22.52213613,,
98.5985986,-2.086376206,-1.569961899,0.29203117,0.467846162,-0.710967604,-22.88779464,,
98.6986987,-2.025399954,-1.572085859,0.332216482,0.490765571,-0.694586637,-23.144162,,
98.7987988,-1.983127577,-1.554871937,0.378644118,0.512142794,-0.661544302,-23.23446739,,
98.8988989,-1.949304896,-1.55778047,0.419608884,0.513988151,-0.644521492,-23.32477279,,
98.998999,-1.889472898,-1.540689003,0.448580528,0.525833508,-0.627502299,-23.41507818,,
99.0990991,-1.847640899,-1.514097502,0.468052172,0.544678864,-0.604483106,-23.50538358,,
99.1991992,-1.840614707,-1.487506069,0.552881173,0.558524221,-0.582236687,-23.59568897,,
99.2992993,-1.802709135,-1.471141005,0.643679144,0.579810663,-0.564508785,-23.68599437,,
99.3993994,-1.811121035,-1.429624205,0.700508468,0.61847298,-0.569158482,-23.77629976,,
99.4994995,-1.793983172,-1.414201516,0.734169926,0.638700384,-0.551346848,-23.86660516,,
99.5995996,-1.789765392,-1.39938039,0.776283184,0.645651012,-0.532984002,-23.99187392,,
99.6996997,-1.775547611,-1.354765991,0.828396441,0.669490028,-0.506621155,-24.15254984,,
99.7997998,-1.783329831,-1.333041982,0.861009699,0.708438653,-0.476258309,-24.31322577,,
99.8998999,-1.76711205,-1.313817972,0.903622956,0.737887278,-0.427895462,-24.47390169,,
100,-1.81389427,-1.300593963,0.925736214,0.777335904,-0.399532616,-24.63457762,,
