GaitPhase,pMMGMean_5,NewCol5
0,-5.122997894,-0.783009145
0.1001001,-5.121583143,-0.793023003
0.2002002,-5.122034993,-0.797157578
0.3003003,-5.119582725,-0.799496462
0.4004004,-5.109100585,-0.801835346
0.500500501,-5.096831369,-0.80417423
0.600600601,-5.081771497,-0.806513114
0.700700701,-5.072735204,-0.808385339
0.800800801,-5.06222227,-0.809703475
0.900900901,-5.047931644,-0.811021612
1.001001001,-5.027012874,-0.812339748
1.101101101,-5.004895641,-0.813657885
1.201201201,-4.988833398,-0.814008497
1.301301301,-4.975607526,-0.8174744
1.401401401,-4.955724683,-0.820473983
1.501501502,-4.928565649,-0.823473566
1.601601602,-4.891679122,-0.826613658
1.701701702,-4.87455299,-0.837129601
1.801801802,-4.859999116,-0.847645543
1.901901902,-4.837825658,-0.852593443
2.002002002,-4.804528561,-0.854698986
2.102102102,-4.757386654,-0.856804529
2.202202202,-4.728769107,-0.855919117
2.302302302,-4.711817911,-0.85382727
2.402402402,-4.682860394,-0.851735423
2.502502503,-4.647148308,-0.848557564
2.602602603,-4.579950371,-0.851198639
2.702702703,-4.537258625,-0.853839714
2.802802803,-4.519724923,-0.85648079
2.902902903,-4.489740555,-0.857457519
3.003003003,-4.447337503,-0.857463717
3.103103103,-4.365519973,-0.857469915
3.203203203,-4.310738213,-0.857476113
3.303303303,-4.292718801,-0.857482312
3.403403403,-4.257193268,-0.85748851
3.503503504,-4.209183186,-0.856638954
3.603603604,-4.120827293,-0.850568266
3.703703704,-4.056859205,-0.846480601
3.803803804,-4.036624472,-0.848915459
3.903903904,-3.99886377,-0.85132755
4.004004004,-3.947784787,-0.851333748
4.104104104,-3.857306345,-0.851339946
4.204204204,-3.777250612,-0.848321119
4.304304304,-3.752456725,-0.843666757
4.404404404,-3.718768579,-0.839012395
4.504504505,-3.664009597,-0.834358033
4.604604605,-3.570571471,-0.829703671
4.704704705,-3.483085132,-0.820366812
4.804804805,-3.452898929,-0.801723526
4.904904905,-3.425783732,-0.858375843
5.005005005,-3.371875026,-0.822691866
5.105105105,-3.298434073,-0.819871629
5.205205205,-3.207449763,-0.817051393
5.305305305,-3.175366988,-0.814231157
5.405405405,-3.155802418,-0.811410921
5.505505506,-3.111269013,-0.808590685
5.605605606,-3.055377135,-0.805770448
5.705705706,-2.967533992,-0.802950212
5.805805806,-2.930740082,-0.800129976
5.905905906,-2.916691253,-0.79730974
6.006006006,-2.868284202,-0.794489504
6.106106106,-2.838999508,-0.791669267
6.206206206,-2.769028613,-0.788849031
6.306306306,-2.740360706,-0.786028795
6.406406406,-2.729856548,-0.783208559
6.506506507,-2.708600223,-0.780388323
6.606606607,-2.678652843,-0.777568086
6.706706707,-2.627569461,-0.77474785
6.806806807,-2.603862942,-0.771927614
6.906906907,-2.590275626,-0.767983557
7.007007007,-2.575455149,-0.763495533
7.107107107,-2.542656223,-0.759007509
7.207207207,-2.520669716,-0.754519485
7.307307307,-2.509761002,-0.752876733
7.407407407,-2.499577954,-0.75365222
7.507507508,-2.487483288,-0.754427708
7.607607608,-2.471386254,-0.755203195
7.707707708,-2.449981748,-0.74288249
7.807807808,-2.445975625,-0.740107971
7.907907908,-2.442590659,-0.737620296
8.008008008,-2.437532606,-0.716311572
8.108108108,-2.429070082,-0.726585556
8.208208208,-2.404930467,-0.722396961
8.308308308,-2.401092539,-0.718208366
8.408408408,-2.396190532,-0.710295058
8.508508509,-2.388149522,-0.689479989
8.608608609,-2.376422961,-0.631277393
8.708708709,-2.348634423,-0.649674792
8.808808809,-2.344149074,-0.671738009
8.908908909,-2.346238885,-0.628717657
9.009009009,-2.335155809,-0.607801679
9.109109109,-2.312548344,-0.585716218
9.209209209,-2.279925148,-0.559589861
9.309309309,-2.271588775,-0.533463503
9.409409409,-2.267409844,-0.516253913
9.50950951,-2.249775593,-0.500556362
9.60960961,-2.213629115,-0.479756751
9.70970971,-2.167199189,-0.480591626
9.80980981,-2.1450709,-0.533493558
9.90990991,-2.13272683,-0.421400248
10.01001001,-2.10852699,-0.403962326
10.11011011,-2.061166925,-0.387838238
10.21021021,-2.010213151,-0.3572613
10.31031031,-1.9782967,-0.346112165
10.41041041,-1.954097173,-0.372708449
10.51051051,-1.918361882,-0.250852137
10.61061061,-1.855125552,-0.229936159
10.71071071,-1.795454936,-0.191791215
10.81081081,-1.749399165,-0.151562128
10.91091091,-1.707066445,-0.141091069
11.01101101,-1.669435174,-0.170709161
11.11111111,-1.583380213,-0.093567572
11.21121121,-1.506350914,-0.062238863
11.31131131,-1.445277106,-0.032303164
11.41141141,-1.384767797,-0.007979786
11.51151151,-1.326116282,0.037910593
11.61161161,-1.22858312,0.128208786
11.71171171,-1.130025669,0.119793035
11.81181181,-1.060097382,0.094074551
11.91191191,-0.952695608,0.116383667
12.01201201,-0.90424392,0.178094792
12.11211211,-0.799328052,0.253340781
12.21221221,-0.682419927,0.298533085
12.31231231,-0.607010086,0.25523132
12.41241241,-0.514104235,0.320797806
12.51251251,-0.41662985,0.289564405
12.61261261,-0.29183543,0.320893114
12.71271271,-0.160846401,0.391498914
12.81281281,-0.070984735,0.417389751
12.91291291,0.041579598,0.501027162
13.01301301,0.170244998,0.494003332
13.11311311,0.326163214,0.512693024
13.21321321,0.472803468,0.546790879
13.31331331,0.569880823,0.586257608
13.41341341,0.697242628,0.61143495
13.51351351,0.837782575,0.67143415
13.61361361,1.017428042,0.655114862
13.71371371,1.177232244,0.714835533
13.81381381,1.273552087,0.749628025
13.91391391,1.41030341,0.769381122
14.01401401,1.579331938,0.765592894
14.11411411,1.787300623,0.777530786
14.21421421,1.96281286,0.82323464
14.31431431,2.057819935,0.823928038
14.41441441,2.197711704,0.937417478
14.51451451,2.428693327,0.882083268
14.61461461,2.637576767,0.902999245
14.71471471,2.812201361,0.968879314
14.81481481,2.916196391,0.910459409
14.91491491,3.052087883,0.927410245
15.01501502,3.268730039,1.018613247
15.11511512,3.511209547,1.066909612
15.21521522,3.701000982,1.08156251
15.31531532,3.81507026,1.096215408
15.41541542,3.923740152,1.098128086
15.51551552,4.135924224,1.082880699
15.61561562,4.385920972,1.100605658
15.71571572,4.578436905,1.247758724
15.81581582,4.706099799,1.235738728
15.91591592,4.801511757,1.223718733
16.01601602,4.990076732,1.211698738
16.11611612,5.247345827,1.209416363
16.21621622,5.452964235,1.226854285
16.31631632,5.542869495,1.214324534
16.41641642,5.626906451,1.278963072
16.51651652,5.801988616,1.264936636
16.61661662,6.01875443,1.273190759
16.71671672,6.223935775,1.296191853
16.81681682,6.281311477,1.319192947
16.91691692,6.394616725,1.347534546
17.01701702,6.464695932,1.354092966
17.11711712,6.630327088,1.331061224
17.21721722,6.821946357,1.389280744
17.31731732,6.86922826,1.398257034
17.41741742,6.91177254,1.407233325
17.51751752,6.99224181,1.416209616
17.61761762,7.112320551,1.411073946
17.71771772,7.265844421,1.3942365
17.81781782,7.30500925,1.377399054
17.91791792,7.330610553,1.432640629
18.01801802,7.384175734,1.43263443
18.11811812,7.471330719,1.44987328
18.21821822,7.561029112,1.470535966
18.31831832,7.587210852,1.486233517
18.41841842,7.610199916,1.450499358
18.51851852,7.650430084,1.475404269
18.61861862,7.695944901,1.490091476
18.71871872,7.748490065,1.493581299
18.81881882,7.762663971,1.497071122
18.91891892,7.772518871,1.500560945
19.01901902,7.809242356,1.504050768
19.11911912,7.842576116,1.507875799
19.21921922,7.878114744,1.51311228
19.31931932,7.890217803,1.518348761
19.41941942,7.90075626,1.524773126
19.51951952,7.92250264,1.529214387
19.61961962,7.936570056,1.530608641
19.71971972,7.959297646,1.532354189
19.81981982,7.967269497,1.534970345
19.91991992,7.965710729,1.537586502
20.02002002,7.972481507,1.531936271
20.12012012,7.974700748,1.525628135
20.22022022,7.978328262,1.519319998
20.32032032,7.98176605,1.516610857
20.42042042,7.973206897,1.513980274
20.52052052,7.966343082,1.512203835
20.62062062,7.955695252,1.51095258
20.72072072,7.940537476,1.509548689
20.82082082,7.929969855,1.503903294
20.92092092,7.929996391,1.4982579
21.02102102,7.89173976,1.492733412
21.12112112,7.86407447,1.487476413
21.22122122,7.83045502,1.482219413
21.32132132,7.806452095,1.476962413
21.42142142,7.782255766,1.471705413
21.52152152,7.752446638,1.466705031
21.62162162,7.714125913,1.461879798
21.72172172,7.668831279,1.457054565
21.82182182,7.64157595,1.452229332
21.92192192,7.605182596,1.447404099
22.02202202,7.563374843,1.449458534
22.12212212,7.514315152,1.444201534
22.22222222,7.459552322,1.438944534
22.32232232,7.429793111,1.433687535
22.42242242,7.413185666,1.428430535
22.52252252,7.391314372,1.421177608
22.62262262,7.331489069,1.412415552
22.72272272,7.284794843,1.403653497
22.82282282,7.258699824,1.394903207
22.92292292,7.223846248,1.386491819
23.02302302,7.199492878,1.378080432
23.12312312,7.150278651,1.368212979
23.22322322,7.102288839,1.351375655
23.32332332,7.072002796,1.339858828
23.42342342,7.040725626,1.326710356
23.52352352,7.019212034,1.315019448
23.62362362,6.96572108,1.304503506
23.72372372,6.912194037,1.293987563
23.82382382,6.889994529,1.283499731
23.92392392,6.864604263,1.274487175
24.02402402,6.830146396,1.26547462
24.12412412,6.770652055,1.256462064
24.22422422,6.725671144,1.247449509
24.32432432,6.696318073,1.233956328
24.42442442,6.672623676,1.226257001
24.52452452,6.637455029,1.231976748
24.62462462,6.594439281,1.198412872
24.72472472,6.544926364,1.183979418
24.82482482,6.513809963,1.175217362
24.92492492,6.484269818,1.166455307
25.02502503,6.437004942,1.156040221
25.12512513,6.397544985,1.140257177
25.22522523,6.361205413,1.124474133
25.32532533,6.330488127,1.105904654
25.42542543,6.311225361,1.086957424
25.52552553,6.263080777,1.068010194
25.62562563,6.212057628,1.087841481
25.72572573,6.166235745,1.055561165
25.82582583,6.125589753,1.032879046
25.92592593,6.105500133,1.020927587
26.02602603,6.052869884,1.014619451
26.12612613,5.985271532,1.008311314
26.22622623,5.947932305,0.998878841
26.32632633,5.900629779,0.985730369
26.42642643,5.874351791,0.973768227
26.52652653,5.825641936,0.972363959
26.62662663,5.744635999,0.970959692
26.72672673,5.699880677,0.935426991
26.82682683,5.649080173,0.927015604
26.92692693,5.614313227,0.918604217
27.02702703,5.560460425,0.896311685
27.12712713,5.471934118,0.873079242
27.22722723,5.422951606,0.874570825
27.32732733,5.371831555,0.865801238
27.42742743,5.330421128,0.860025786
27.52752753,5.270410065,0.856519957
27.62762763,5.169361977,0.844269016
27.72772773,5.11009167,0.831120544
27.82782783,5.061960396,0.819423077
27.92792793,5.014298005,0.808907134
28.02802803,4.953085346,0.782081791
28.12812813,4.851995404,0.770104108
28.22822823,4.786212202,0.755735593
28.32832833,4.742349784,0.738195031
28.42842843,4.671946541,0.722521708
28.52852853,4.618996015,0.707792738
28.62862863,4.520812669,0.693063767
28.72872873,4.449186545,0.681437966
28.82882883,4.410853079,0.671450554
28.92892893,4.355841399,0.661463143
29.02902903,4.290212666,0.639690001
29.12912913,4.18816688,0.608297223
29.22922923,4.110943631,0.597781281
29.32932933,4.062288666,0.587265338
29.42942943,3.995904685,0.576749396
29.52952953,3.944647495,0.566233454
29.62962963,3.857560039,0.555717511
29.72972973,3.775859284,0.537727717
29.82982983,3.743293428,0.516669392
29.92992993,3.690871231,0.516558408
30.03003003,3.608054403,0.517685702
30.13013013,3.52780836,0.497474686
30.23023023,3.442353373,0.482221835
30.33033033,3.411912114,0.467492865
30.43043043,3.368505378,0.453095932
30.53053053,3.300184462,0.444684544
30.63063063,3.21562307,0.436273157
30.73073073,3.128926197,0.426523344
30.83083083,3.097584844,0.405465018
30.93093093,3.047564476,0.391757566
31.03103103,2.986418897,0.378609094
31.13113113,2.914574184,0.371493614
31.23123123,2.831330936,0.368863032
31.33133133,2.800126341,0.366963305
31.43143143,2.770061061,0.367744716
31.53153153,2.69544471,0.366524292
31.63163163,2.625288126,0.338584652
31.73173173,2.555885418,0.325337668
31.83183183,2.52163783,0.319029531
31.93193193,2.499374991,0.312721395
32.03203203,2.42938604,0.309163922
32.13213213,2.354865722,0.29601545
32.23223223,2.294558832,0.282866978
32.33233233,2.260259214,0.271787069
32.43243243,2.243761311,0.263401352
32.53253253,2.178443252,0.256392277
32.63263263,2.108563246,0.247960812
32.73273273,2.054496967,0.24352788
32.83283283,2.018396569,0.239094948
32.93293293,1.994382622,0.234662015
33.03303303,1.944965485,0.226190691
33.13313313,1.886368333,0.217493473
33.23323323,1.834536761,0.204413035
33.33333333,1.800258306,0.19453569
33.43343343,1.787498234,0.166971632
33.53353353,1.739367805,0.16434105
33.63363363,1.677821075,0.161710467
33.73373373,1.637890974,0.159079884
33.83383383,1.604796072,0.156449302
33.93393393,1.592332134,0.14805855
34.03403403,1.553515536,0.141487578
34.13413413,1.496140193,0.134916607
34.23423423,1.460140491,0.128345635
34.33433433,1.428206618,0.121774664
34.43443443,1.409589776,0.114611798
34.53453453,1.380014591,0.10662449
34.63463463,1.330222953,0.096753167
34.73473473,1.294304353,0.086881845
34.83483483,1.267215329,0.077010522
34.93493493,1.253215182,0.072566153
35.03503504,1.225913224,0.065835845
35.13513514,1.178525147,0.043155213
35.23523524,1.147971769,0.04028595
35.33533534,1.124418405,0.037416686
35.43543544,1.107281422,0.034547422
35.53553554,1.083090348,0.031678159
35.63563564,1.042768458,0.028808895
35.73573574,1.014516352,0.025937607
35.83583584,0.996412409,0.020590668
35.93593594,0.980109581,0.003570451
36.03603604,0.959266426,0.013088031
36.13613614,0.921049562,0.005202579
36.23623624,0.890688369,-0.002682873
36.33633634,0.872675637,-0.005741474
36.43643644,0.852477435,-0.012049611
36.53653654,0.828715583,-0.018357747
36.63663664,0.795942784,-0.024665884
36.73673674,0.769753183,-0.03097402
36.83683684,0.754492124,-0.037282157
36.93693694,0.7345012,-0.044504417
37.03703704,0.713387136,-0.055020359
37.13713714,0.680281144,-0.063171059
37.23723724,0.650361416,-0.067007627
37.33733734,0.634919283,-0.067013825
37.43743744,0.616715654,-0.066347429
37.53753754,0.593189716,-0.077676869
37.63763764,0.56716164,-0.089785397
37.73773774,0.540155901,-0.101893924
37.83783784,0.521887212,-0.114002452
37.93793794,0.499708879,-0.118238772
38.03803804,0.470964043,-0.120344315
38.13813814,0.447733035,-0.122449858
38.23823824,0.415864104,-0.124555402
38.33833834,0.398614942,-0.126660945
38.43843844,0.37653425,-0.128766488
38.53853854,0.344619,-0.115990881
38.63863864,0.317681825,-0.116471309
38.73873874,0.282558778,-0.120789219
38.83883884,0.261899659,-0.125107129
38.93893894,0.247744408,-0.129425038
39.03903904,0.214739121,-0.133742948
39.13913914,0.186585,-0.138060858
39.23923924,0.153109571,-0.141585938
39.33933934,0.128436109,-0.142281732
39.43943944,0.115355303,-0.142977527
39.53953954,0.075222009,-0.143673322
39.63963964,0.042741182,-0.144369117
39.73973974,0.014253812,-0.145064911
39.83983984,-0.009943604,-0.156722218
39.93993994,-0.023612477,-0.159877921
40.04004004,-0.061809864,-0.163033625
40.14014014,-0.094253033,-0.166189328
40.24024024,-0.120183275,-0.169345031
40.34034034,-0.148462903,-0.172474552
40.44044044,-0.162646091,-0.173449182
40.54054054,-0.195178747,-0.174423812
40.64064064,-0.228700592,-0.175398442
40.74074074,-0.249873002,-0.176373072
40.84084084,-0.277234687,-0.177347703
40.94094094,-0.290667429,-0.178322333
41.04104104,-0.320173129,-0.1793832
41.14114114,-0.354169507,-0.180701336
41.24124124,-0.37336592,-0.182019472
41.34134134,-0.396755063,-0.183337609
41.44144144,-0.410351648,-0.184655745
41.54154154,-0.434854776,-0.189134358
41.64164164,-0.471301384,-0.194755226
41.74174174,-0.489207687,-0.200596151
41.84184184,-0.509276443,-0.206437075
41.94194194,-0.522261116,-0.212277999
42.04204204,-0.543588063,-0.218118924
42.14214214,-0.577529298,-0.21878855
42.24224224,-0.595636185,-0.208629569
42.34234234,-0.612847912,-0.215621802
42.44244244,-0.628156523,-0.222630134
42.54254254,-0.645419874,-0.228326841
42.64264264,-0.676547876,-0.228333039
42.74274274,-0.695223261,-0.228339237
42.84284284,-0.70959738,-0.228843028
42.94294294,-0.721707472,-0.230948571
43.04304304,-0.742879912,-0.233054114
43.14314314,-0.772466302,-0.235159657
43.24324324,-0.786420395,-0.2372652
43.34334334,-0.797504955,-0.239370743
43.44344344,-0.809042403,-0.238214775
43.54354354,-0.824257215,-0.24179513
43.64364364,-0.847804996,-0.24885611
43.74374374,-0.863881478,-0.253540669
43.84384384,-0.871373934,-0.254500953
43.94394394,-0.881940952,-0.255461238
44.04404404,-0.89738744,-0.256421523
44.14414414,-0.91429928,-0.257381807
44.24424424,-0.927463258,-0.258342092
44.34434434,-0.93445565,-0.259302377
44.44444444,-0.940247928,-0.255883951
44.54454454,-0.951652454,-0.25197688
44.64464464,-0.963714074,-0.24806981
44.74474474,-0.971813266,-0.259422952
44.84484484,-0.974956439,-0.25942915
44.94494494,-0.97787137,-0.259435348
45.04504505,-0.988657908,-0.259441546
45.14514515,-1.001236874,-0.259447745
45.24524525,-1.008148669,-0.259453943
45.34534535,-1.010442445,-0.259460141
45.44544545,-1.010994137,-0.259466339
45.54554555,-1.015968493,-0.259472537
45.64564565,-1.023869011,-0.259478735
45.74574575,-1.028343739,-0.259484933
45.84584585,-1.029222007,-0.268810884
45.94594595,-1.028856217,-0.275686724
46.04604605,-1.029948821,-0.272286823
46.14614615,-1.030472943,-0.268886923
46.24624625,-1.033782636,-0.265487023
46.34634635,-1.034204177,-0.262087122
46.44644645,-1.032015994,-0.259528321
46.54654655,-1.033883554,-0.259534519
46.64664665,-1.03796211,-0.259540717
46.74674675,-1.035914876,-0.259546915
46.84684685,-1.035588699,-0.259553113
46.94694695,-1.032193439,-0.259559311
47.04704705,-1.027578742,-0.261767051
47.14714715,-1.027676967,-0.261029672
47.24724725,-1.022646504,-0.257546034
47.34734735,-1.016847178,-0.254062396
47.44744745,-1.012613953,-0.250578757
47.54754755,-1.007088773,-0.247162146
47.64764765,-1.004426992,-0.245669608
47.74774775,-0.998025907,-0.24417707
47.84784785,-0.990997682,-0.242684531
47.94794795,-0.986818492,-0.241191993
48.04804805,-0.977385183,-0.238685709
48.14814815,-0.972315424,-0.236069553
48.24824825,-0.965971727,-0.241174495
48.34834835,-0.955863702,-0.252830296
48.44844845,-0.950639247,-0.245816834
48.54854855,-0.942561124,-0.227290943
48.64864865,-0.937672726,-0.213878364
48.74874875,-0.930627978,-0.20789359
48.84884885,-0.920106996,-0.201908816
48.94894895,-0.914835085,-0.195924043
49.04904905,-0.907426774,-0.18928458
49.14914915,-0.895288268,-0.180906381
49.24924925,-0.887112812,-0.172528182
49.34934935,-0.87553579,-0.165697077
49.44944945,-0.86474394,-0.162161091
49.54954955,-0.857668041,-0.158625106
49.64964965,-0.845805142,-0.149706027
49.74974975,-0.840443329,-0.141114259
49.84984985,-0.832072994,-0.135877777
49.94994995,-0.824296989,-0.130641296
50.05005005,-0.819210761,-0.131448638
50.15015015,-0.807126621,-0.133554181
50.25025025,-0.796532207,-0.135659724
50.35035035,-0.788443635,-0.134097947
50.45045045,-0.77734783,-0.1320061
50.55055055,-0.770825271,-0.129914252
50.65065065,-0.757814098,-0.134927721
50.75075075,-0.746873404,-0.140538784
50.85085085,-0.741890004,-0.146149847
50.95095095,-0.732906289,-0.100137268
51.05105105,-0.725222711,-0.103643097
51.15115115,-0.716588318,-0.107148927
51.25125125,-0.708186493,-0.110654756
51.35135135,-0.705073994,-0.087171667
51.45145145,-0.692782903,-0.080625782
51.55155155,-0.683133939,-0.074079898
51.65165165,-0.673162089,-0.067534013
51.75175175,-0.665793078,-0.061794309
51.85185185,-0.664192422,-0.062521336
51.95195195,-0.65588024,-0.063248363
52.05205205,-0.648563439,-0.06397539
52.15215215,-0.639346872,-0.041674771
52.25225225,-0.629167269,-0.039058616
52.35235235,-0.627949874,-0.03644246
52.45245245,-0.617334469,-0.033826304
52.55255255,-0.60549863,-0.031210149
52.65265265,-0.596537752,-0.025493848
52.75275275,-0.586620403,-0.019209803
52.85285285,-0.582395833,-0.012925758
52.95295295,-0.576177756,-0.013065346
53.05305305,-0.561979135,-0.013981949
53.15315315,-0.554002672,-0.014898553
53.25325325,-0.539489109,-0.015815157
53.35335335,-0.531653259,-0.01673176
53.45345345,-0.523701429,0.008892325
53.55355355,-0.507921157,0.013380349
53.65365365,-0.498832963,0.017868373
53.75375375,-0.48700814,0.022356397
53.85385385,-0.477202114,0.028732464
53.95395395,-0.470122094,0.037459562
54.05405405,-0.448214568,0.046186661
54.15415415,-0.434762433,0.054913759
54.25425425,-0.421973248,0.056047953
54.35435435,-0.409433948,0.056341917
54.45445445,-0.402222713,0.056635881
54.55455455,-0.37816677,0.056929845
54.65465465,-0.364887889,0.089768667
54.75475475,-0.354267453,0.107206588
54.85485485,-0.340487194,0.117193099
54.95495495,-0.331195309,0.116020758
55.05505506,-0.312688045,0.114848418
55.15515516,-0.29601375,0.113676077
55.25525526,-0.282121673,0.112503737
55.35535536,-0.26574645,0.112765477
55.45545546,-0.255367909,0.127418375
55.55555556,-0.237017955,0.142071273
55.65565566,-0.218796388,0.15014282
55.75575576,-0.203691948,0.115624108
55.85585586,-0.189063548,0.136388627
55.95595596,-0.17866016,0.153826548
56.05605606,-0.166006308,0.17126447
56.15615616,-0.147691631,0.188702391
56.25625626,-0.135112076,0.180412609
56.35635636,-0.124960384,0.167504363
56.45645646,-0.119573494,0.175359145
56.55655656,-0.109469973,0.183213926
56.65665666,-0.098636559,0.190468349
56.75675676,-0.087824902,0.197450589
56.85685686,-0.077293562,0.204432828
56.95695696,-0.072276973,0.200406729
57.05705706,-0.064208816,0.224849559
57.15715716,-0.05312171,0.228972564
57.25725726,-0.049814189,0.231423534
57.35735736,-0.049102436,0.234563917
57.45745746,-0.050966445,0.237704301
57.55755756,-0.053862722,0.240844684
57.65765766,-0.058056433,0.243985067
57.75775776,-0.060483164,0.24712545
57.85785786,-0.064182353,0.247505029
57.95795796,-0.073608506,0.247498831
58.05805806,-0.082446156,0.247492632
58.15815816,-0.091755814,0.233188121
58.25825826,-0.100239433,0.222942636
58.35835836,-0.109046811,0.245275175
58.45845846,-0.120248921,0.267607714
58.55855856,-0.134077143,0.268066453
58.65865866,-0.153508404,0.262809453
58.75875876,-0.172875087,0.262110311
58.85885886,-0.182751666,0.267346793
58.95895896,-0.198212165,0.272583275
59.05905906,-0.221523191,0.277819757
59.15915916,-0.248045447,0.273190954
59.25925926,-0.269876693,0.267357195
59.35935936,-0.285963216,0.261523437
59.45945946,-0.303467744,0.255689678
59.55955956,-0.332128865,0.29133315
59.65965966,-0.367940222,0.294822974
59.75975976,-0.402478693,0.296326745
59.85985986,-0.421836669,0.294821147
59.95995996,-0.444438626,0.293315549
60.06006006,-0.482584413,0.291809951
60.16016016,-0.53145496,0.290706124
60.26026026,-0.57570052,0.290699926
60.36036036,-0.597533102,0.290693728
60.46046046,-0.622381592,0.29068753
60.56056056,-0.667658625,0.288841119
60.66066066,-0.72209788,0.27544382
60.76076076,-0.775450077,0.279490929
60.86086086,-0.802430539,0.313094527
60.96096096,-0.826446472,0.318505737
61.06106106,-0.879775655,0.313248738
61.16116116,-0.941175796,0.307991738
61.26126126,-0.99639344,0.30359473
61.36136136,-1.028078287,0.308396437
61.46146146,-1.049193552,0.306640875
61.56156156,-1.116387281,0.304885313
61.66166166,-1.18593455,0.303129751
61.76176176,-1.244685609,0.303428963
61.86186186,-1.2894822,0.304734196
61.96196196,-1.310728377,0.306039428
62.06206206,-1.379834251,0.30734466
62.16216216,-1.453781802,0.308649893
62.26226226,-1.51469045,0.30754426
62.36236236,-1.564962499,0.304913678
62.46246246,-1.587848998,0.302283095
62.56256256,-1.655596022,0.299652513
62.66266266,-1.750560706,0.29702193
62.76276276,-1.817779888,0.295396817
62.86286286,-1.859322147,0.293891219
62.96296296,-1.873794572,0.292385621
63.06306306,-1.934849416,0.290880023
63.16316316,-2.020661403,0.288915982
63.26326326,-2.087607661,0.286810439
63.36336336,-2.143696899,0.284704896
63.46346346,-2.167872309,0.282599353
63.56356356,-2.223115473,0.28049381
63.66366366,-2.309314829,0.278388267
63.76376376,-2.378132245,0.275828456
63.86386386,-2.432988833,0.273197874
63.96396396,-2.462642109,0.270567291
64.06406406,-2.51006928,0.267936708
64.16416416,-2.594905547,0.265690396
64.26426426,-2.670217126,0.265684198
64.36436436,-2.714786448,0.265678
64.46446446,-2.744295898,0.265671802
64.56456456,-2.782970999,0.264509154
64.66466466,-2.865066507,0.262594514
64.76476476,-2.938421561,0.260679874
64.86486486,-2.983069946,0.258765234
64.96496496,-3.013067115,0.256850594
65.06506507,-3.047962018,0.254935954
65.16516517,-3.125031683,0.252753309
65.26526527,-3.190628761,0.24854712
65.36536537,-3.227344895,0.244340932
65.46546547,-3.257812217,0.240547427
65.56556557,-3.28262432,0.238791865
65.66566567,-3.345845918,0.237036303
65.76576577,-3.422892178,0.235280741
65.86586587,-3.451228564,0.232149259
65.96596597,-3.478573902,0.228205722
66.06606607,-3.50478045,0.224262185
66.16616617,-3.557232553,0.220318648
66.26626627,-3.617721005,0.216375111
66.36636637,-3.646048683,0.213627657
66.46646647,-3.672090661,0.210997074
66.56656657,-3.692293887,0.208366492
66.66666667,-3.726391244,0.205735909
66.76676677,-3.775114312,0.203105327
66.86686687,-3.797067398,0.200474744
66.96696697,-3.815136385,0.197844161
67.06706707,-3.834392026,0.197399195
67.16716717,-3.852617614,0.197392997
67.26726727,-3.882824032,0.197386799
67.36736737,-3.896172704,0.19430804
67.46746747,-3.90585835,0.184241935
67.56756757,-3.922046585,0.177670963
67.66766767,-3.928525297,0.171099992
67.76776777,-3.946174617,0.16452902
67.86786787,-3.947915414,0.157958049
67.96796797,-3.942964407,0.202623103
68.06806807,-3.949656278,0.200281835
68.16816817,-3.948189377,0.197940568
68.26826827,-3.941943634,0.1955993
68.36836837,-3.935706285,0.1749035
68.46846847,-3.925213518,0.169894352
68.56856857,-3.924108625,0.163867988
68.66866867,-3.913364029,0.146327426
68.76876877,-3.891137237,0.138505232
68.86886887,-3.87218861,0.134299043
68.96896897,-3.855767597,0.130092854
69.06906907,-3.848537711,0.127798807
69.16916917,-3.838002207,0.126043245
69.26926927,-3.816574346,0.124287683
69.36936937,-3.792381157,0.124215262
69.46946947,-3.774478686,0.130775775
69.56956957,-3.763761401,0.137071896
69.66966967,-3.75133548,0.123021642
69.76976977,-3.730476212,0.109367285
69.86986987,-3.6996858,0.102150414
69.96996997,-3.677900279,0.097944225
70.07007007,-3.661705485,0.093738036
70.17017017,-3.64761318,0.093449908
70.27027027,-3.634120061,0.096066064
70.37037037,-3.596195797,0.09868222
70.47047047,-3.580338608,0.101298376
70.57057057,-3.562960179,0.103914532
70.67067067,-3.54828068,0.095343959
70.77077077,-3.540881483,0.066744715
70.87087087,-3.507968559,0.072355214
70.97097097,-3.493352868,0.077965713
71.07107107,-3.477670347,0.068066289
71.17117117,-3.463351027,0.066659185
71.27127127,-3.459311122,0.069974601
71.37137137,-3.433070025,0.072965213
71.47147147,-3.419783704,0.075955825
71.57157157,-3.407573958,0.078946437
71.67167167,-3.394551067,0.083788138
71.77177177,-3.388988121,0.087765107
71.87187187,-3.370157895,0.09104325
71.97197197,-3.360224052,0.094321392
72.07207207,-3.350076082,0.093820336
72.17217217,-3.336659879,0.09196486
72.27227227,-3.326169189,0.083744076
72.37237237,-3.313662569,0.07498202
72.47247247,-3.308286917,0.066219964
72.57257257,-3.300497738,0.062857695
72.67267267,-3.287695032,0.070458557
72.77277277,-3.276162132,0.056933842
72.87287287,-3.267813536,0.043409127
72.97297297,-3.267643438,0.029884413
73.07307307,-3.26223289,0.019849983
73.17317317,-3.253101953,0.049178631
73.27327327,-3.23774943,0.040062311
73.37337337,-3.231441738,0.033053236
73.47347347,-3.238739939,0.026044161
73.57357357,-3.235177066,0.019035085
73.67367367,-3.228534,0.01922026
73.77377377,-3.218453221,0.021545144
73.87387387,-3.212584984,0.023870027
73.97397397,-3.219727967,0.026194911
74.07407407,-3.217806822,0.028519794
74.17417417,-3.212315895,0.026155045
74.27427427,-3.207450995,0.018246093
74.37437437,-3.202791637,0.01033714
74.47447447,-3.204127311,0.002428188
74.57457457,-3.201499158,-0.000906868
74.67467467,-3.195562433,0.004778342
74.77477477,-3.185466235,0.010463553
74.87487487,-3.180033637,0.016148764
74.97497497,-3.178628553,0.00406172
75.07507508,-3.176809206,-0.012775726
75.17517518,-3.167592961,-0.029613172
75.27527528,-3.157127085,-0.0314827
75.37537538,-3.15231414,-0.030627774
75.47547548,-3.145162994,-0.029772848
75.57557558,-3.13581176,-0.028917922
75.67567568,-3.124251439,-0.028062996
75.77577578,-3.112373087,-0.022330519
75.87587588,-3.107816181,-0.010832208
75.97597598,-3.099418621,-0.002413828
76.07607608,-3.082840768,-0.0089848
76.17617618,-3.072449888,-0.015555771
76.27627628,-3.059627303,-0.022126743
76.37637638,-3.053797464,-0.028697714
76.47647648,-3.046618995,-0.013329677
76.57657658,-3.031436663,-0.015484382
76.67667668,-3.014725954,-0.024739549
76.77677678,-3.000925253,-0.033994716
76.87687688,-2.992450883,-0.043249883
76.97697698,-2.984647271,-0.038625302
77.07707708,-2.970750525,-0.039438786
77.17717718,-2.95554535,-0.040252271
77.27727728,-2.939577905,-0.041065756
77.37737738,-2.926740348,-0.04187924
77.47747748,-2.915134284,-0.042692725
77.57757758,-2.889267933,-0.043506209
77.67767768,-2.863118776,-0.044319694
77.77777778,-2.852695392,-0.045643539
77.87787788,-2.839152813,-0.047532468
77.97797798,-2.827855066,-0.049421396
78.07807808,-2.805710859,-0.051310325
78.17817818,-2.778469842,-0.053199254
78.27827828,-2.76255719,-0.057358194
78.37837838,-2.742488519,-0.058530535
78.47847848,-2.72962539,-0.059702875
78.57857858,-2.707590626,-0.060875216
78.67867868,-2.676652546,-0.062047556
78.77877878,-2.663447485,-0.063219897
78.87887888,-2.641784753,-0.076897914
78.97897898,-2.620529366,-0.078585099
79.07907908,-2.600811102,-0.073593524
79.17917918,-2.573346579,-0.068601949
79.27927928,-2.556315375,-0.063610374
79.37937938,-2.53783541,-0.058618799
79.47947948,-2.520130357,-0.068803317
79.57957958,-2.502191507,-0.079900414
79.67967968,-2.465584074,-0.082019542
79.77977978,-2.454724747,-0.08202574
79.87987988,-2.435906888,-0.087027473
79.97997998,-2.421867984,-0.106487211
80.08008008,-2.408966342,-0.101250729
80.18018018,-2.388952975,-0.096014248
80.28028028,-2.370793749,-0.090777766
80.38038038,-2.361521547,-0.085541285
80.48048048,-2.350005114,-0.080349801
80.58058058,-2.340580627,-0.07524703
80.68068068,-2.326238644,-0.070581428
80.78078078,-2.310316784,-0.080773586
80.88088088,-2.304175841,-0.090965743
80.98098098,-2.294288238,-0.1011579
81.08108108,-2.286826348,-0.105030833
81.18118118,-2.281507538,-0.100842238
81.28128128,-2.269108763,-0.096653643
81.38138138,-2.264971985,-0.092465049
81.48148148,-2.26239392,-0.088276454
81.58158158,-2.262917048,-0.08408786
81.68168168,-2.261421095,-0.110432832
81.78178178,-2.253058711,-0.099510802
81.88188188,-2.252120589,-0.085195045
81.98198198,-2.252409281,-0.086051807
82.08208208,-2.256368429,-0.095452913
82.18218218,-2.261111148,-0.104854018
82.28228228,-2.258443744,-0.114255124
82.38238238,-2.261800651,-0.119338595
82.48248248,-2.267885923,-0.119344794
82.58258258,-2.272731543,-0.119350992
82.68268268,-2.280980603,-0.11935719
82.78278278,-2.281953974,-0.119363388
82.88288288,-2.289218172,-0.119369586
82.98298298,-2.293667242,-0.119375784
83.08308308,-2.30409673,-0.105712395
83.18318318,-2.314463391,-0.096005403
83.28328328,-2.321807614,-0.099373719
83.38338338,-2.327860295,-0.102742034
83.48348348,-2.335666898,-0.10611035
83.58358358,-2.348642803,-0.109478666
83.68368368,-2.362023149,-0.112846981
83.78378378,-2.371668826,-0.113233419
83.88388388,-2.382173168,-0.113239617
83.98398398,-2.391755967,-0.113245815
84.08408408,-2.402923728,-0.113252013
84.18418418,-2.4228835,-0.113258211
84.28428428,-2.437582297,-0.110631342
84.38438438,-2.446721321,-0.106067976
84.48448448,-2.459302275,-0.105917354
84.58458458,-2.470606838,-0.106467764
84.68468468,-2.485605433,-0.107018175
84.78478478,-2.504511371,-0.110094567
84.88488488,-2.518463193,-0.113202068
84.98498498,-2.52969348,-0.112042525
85.08508509,-2.54123001,-0.110882982
85.18518519,-2.55715001,-0.109723439
85.28528529,-2.574735463,-0.108563896
85.38538539,-2.583492574,-0.107404353
85.48548549,-2.59883746,-0.109488176
85.58558559,-2.612852103,-0.112520219
85.68568569,-2.6303839,-0.115648324
85.78578579,-2.64411133,-0.118883068
85.88588589,-2.656925383,-0.122117813
85.98598599,-2.675346029,-0.125352557
86.08608609,-2.691999595,-0.128058202
86.18618619,-2.711216712,-0.130688785
86.28628629,-2.732126108,-0.132506155
86.38638639,-2.747344299,-0.133561863
86.48648649,-2.762149064,-0.134617572
86.58658659,-2.776175988,-0.13567328
86.68668669,-2.795643253,-0.136728988
86.78678679,-2.815692297,-0.137784696
86.88688689,-2.826820595,-0.124914133
86.98698699,-2.843419089,-0.130951771
87.08708709,-2.860490844,-0.13698941
87.18718719,-2.881194438,-0.143027048
87.28728729,-2.903020778,-0.149064687
87.38738739,-2.915785755,-0.155102325
87.48748749,-2.932094662,-0.154703797
87.58758759,-2.950915267,-0.151783592
87.68768769,-2.969257181,-0.148863387
87.78778779,-2.986374958,-0.145943183
87.88788789,-2.99847145,-0.143022978
87.98798799,-3.016209421,-0.140102773
88.08808809,-3.033976859,-0.137182568
88.18818819,-3.050710699,-0.141057515
88.28828829,-3.070574006,-0.147891916
88.38838839,-3.082162076,-0.154726317
88.48848849,-3.100225207,-0.156868385
88.58858859,-3.118141778,-0.156874584
88.68868869,-3.135555684,-0.156880782
88.78878879,-3.157085343,-0.15688698
88.88888889,-3.167424298,-0.156893178
88.98898899,-3.183250377,-0.156899376
89.08908909,-3.19879411,-0.156905574
89.18918919,-3.215429222,-0.157011437
89.28928929,-3.235951508,-0.163166877
89.38938939,-3.245206564,-0.169322317
89.48948949,-3.25879514,-0.158077779
89.58958959,-3.275900014,-0.159833341
89.68968969,-3.296020597,-0.161588903
89.78978979,-3.311001331,-0.163344465
89.88988989,-3.319338154,-0.165100027
89.98998999,-3.33278157,-0.166855589
90.09009009,-3.34935275,-0.168611151
90.19019019,-3.367276174,-0.172386393
90.29029029,-3.382924634,-0.177643393
90.39039039,-3.391443675,-0.184167343
90.49049049,-3.402815247,-0.195227082
90.59059059,-3.422262843,-0.206286822
90.69069069,-3.446267701,-0.197455901
90.79079079,-3.46097989,-0.188747481
90.89089089,-3.469491848,-0.197509537
90.99099099,-3.483377766,-0.206271592
91.09109109,-3.500054663,-0.215033648
91.19119119,-3.520668083,-0.221131902
91.29129129,-3.537142351,-0.225075439
91.39139139,-3.54903052,-0.229018976
91.49149149,-3.56122233,-0.232962514
91.59159159,-3.580160273,-0.236906051
91.69169169,-3.603947102,-0.227435112
91.79179179,-3.618693778,-0.224916025
91.89189189,-3.629150901,-0.235977215
91.99199199,-3.642361265,-0.244658704
92.09209209,-3.661312256,-0.247664365
92.19219219,-3.683861983,-0.250670025
92.29229229,-3.703547483,-0.253675686
92.39239239,-3.714245382,-0.257556793
92.49249249,-3.727010336,-0.265813917
92.59259259,-3.746486187,-0.274071042
92.69269269,-3.773145359,-0.282328166
92.79279279,-3.793678842,-0.287308436
92.89289289,-3.806567016,-0.290814264
92.99299299,-3.82253756,-0.294320093
93.09309309,-3.843275759,-0.297825922
93.19319319,-3.869989121,-0.305512365
93.29329329,-3.890661127,-0.317344317
93.39339339,-3.902169408,-0.329176269
93.49349349,-3.915325623,-0.341008221
93.59359359,-3.935627337,-0.352840173
93.69369369,-3.96826985,-0.35301518
93.79379379,-3.989581516,-0.350086252
93.89389389,-4.001706224,-0.353636209
93.99399399,-4.016697124,-0.375311428
94.09409409,-4.037679388,-0.384323983
94.19419419,-4.072319598,-0.393336539
94.29429429,-4.094150186,-0.402349094
94.39439439,-4.104427807,-0.408733316
94.49449449,-4.117962123,-0.414075585
94.59459459,-4.135022802,-0.419417855
94.69469469,-4.171940925,-0.424760124
94.79479479,-4.194931108,-0.430102394
94.89489489,-4.210182239,-0.435444663
94.99499499,-4.22349687,-0.440786933
95.0950951,-4.238857234,-0.444013433
95.1951952,-4.274160629,-0.442911107
95.2952953,-4.302542639,-0.445804307
95.3953954,-4.311810622,-0.458952779
95.4954955,-4.325238151,-0.47210125
95.5955956,-4.341134737,-0.475039053
95.6956957,-4.373246476,-0.477144596
95.7957958,-4.399059102,-0.47925014
95.8958959,-4.406853697,-0.48545391
95.995996,-4.421240722,-0.491762047
96.0960961,-4.439629336,-0.498009754
96.1961962,-4.468658877,-0.502122478
96.2962963,-4.497311429,-0.510994978
96.3963964,-4.505700655,-0.519955561
96.4964965,-4.519150828,-0.528916144
96.5965966,-4.533878317,-0.536719743
96.6966967,-4.560519494,-0.542677008
96.7967968,-4.587974021,-0.55319295
96.8968969,-4.595483427,-0.563708892
96.996997,-4.606984777,-0.574224834
97.0970971,-4.625649047,-0.584740777
97.1971972,-4.643394233,-0.593784345
97.2972973,-4.667577764,-0.600793421
97.3973974,-4.676828166,-0.607802496
97.4974975,-4.686562188,-0.614811571
97.5975976,-4.703194546,-0.643515
97.6976977,-4.720685449,-0.64001703
97.7977978,-4.741444408,-0.63651906
97.8978979,-4.750017068,-0.63332561
97.997998,-4.760217893,-0.630709454
98.0980981,-4.772215902,-0.628093298
98.1981982,-4.792666952,-0.666258036
98.2982983,-4.815725488,-0.668888618
98.3983984,-4.823131603,-0.671835623
98.4984985,-4.827837291,-0.682351566
98.5985986,-4.835570421,-0.684966048
98.6986987,-4.850561897,-0.686313458
98.7987988,-4.862218019,-0.687660869
98.8988989,-4.871025603,-0.689008279
98.998999,-4.876317429,-0.707713713
99.0990991,-4.884449244,-0.726570923
99.1991992,-4.895673839,-0.729729948
99.2992993,-4.905277077,-0.73236053
99.3993994,-4.91303785,-0.735949148
99.4994995,-4.915345245,-0.740155337
99.5995996,-4.914939559,-0.744361525
99.6996997,-4.91875413,-0.752728919
99.7997998,-4.926225545,-0.763244862
99.8998999,-4.930670371,-0.771414409
100,-4.930239508,-0.779299861
